Tempo origine (UTC),Magnitudo,Latitudine N,Longitudine E,Profondit√† (km)
2000/08/22 14:17:1.36,1.4,40.8258,14.1477,2.17,Revisionato
2000/08/22 15:05:56.84,1.6,40.8267,14.1487,2.75,Revisionato
2000/08/22 15:58:2.27,2.2,40.8278,14.1448,2.68,Revisionato
2000/08/22 17:31:35.54,1.9,40.8370,14.1527,0.06,Revisionato
2000/08/22 18:20:54.53,1.4,40.8255,14.1485,2.00,Revisionato
2002/12/25 06:35:59.16,1.0,40.8427,14.1608,2.00,Revisionato
2003/02/18 15:32:23.20,1.7,40.8330,14.1790,1.40,Revisionato
2003/03/02 06:58:11.27,0.9,40.8252,14.1462,1.87,Revisionato
2003/11/26 17:13:26.29,1.4,40.8172,14.1897,0.85,Revisionato
2005/03/22 17:08:20.13,0.4,40.8248,14.1517,1.39,Revisionato
2005/03/27 00:56:2.91,-0.5,40.8262,14.1473,1.00,Revisionato
2005/05/28 21:26:45.25,0.8,40.8313,14.1517,1.14,Revisionato
2005/06/08 01:08:12.34,0.4,40.8427,14.1938,2.00,Revisionato
2005/09/24 08:57:27.34,0.6,40.8430,14.1293,2.00,Revisionato
2005/10/05 12:38:34.80,0.7,40.8265,14.1475,2.00,Revisionato
2005/10/05 13:33:25.23,0.6,40.8340,14.1517,1.26,Revisionato
2005/10/05 15:26:40.78,-0.1,40.8323,14.1517,1.61,Revisionato
2005/10/05 16:18:1.93,1.1,40.8287,14.1517,2.28,Revisionato
2005/10/05 16:45:7.73,0.6,40.8373,14.1448,1.71,Revisionato
2005/11/05 06:16:18.44,1.2,40.8315,14.1570,3.24,Revisionato
2006/01/29 19:52:2.97,0.6,40.8418,14.1290,2.00,Revisionato
2006/02/06 09:33:14.60,0.4,40.8228,14.1772,2.00,Revisionato
2006/03/01 14:57:0.94,0.7,40.8498,14.1158,1.17,Revisionato
2006/04/08 07:09:32.87,0.9,40.8253,14.1455,1.57,Revisionato
2006/05/23 02:46:58.55,0.2,40.8292,14.1428,1.15,Revisionato
2006/08/29 00:47:11.20,0.6,40.8192,14.1402,2.00,Revisionato
2006/09/05 20:20:53.66,0.4,40.8227,14.1517,1.83,Revisionato
2006/09/13 01:12:4.74,0.5,40.8230,14.1402,0.33,Revisionato
2006/10/19 23:10:31.06,0.2,40.8213,14.1470,1.10,Revisionato
2006/10/20 09:51:11.83,0.4,40.8338,14.1442,0.21,Revisionato
2006/10/20 16:50:50.81,-0.1,40.8202,14.1442,1.33,Revisionato
2006/10/21 14:12:0.98,-0.3,40.8223,14.1517,1.61,Revisionato
2006/10/22 02:06:22.96,-0.5,40.8197,14.1438,1.55,Revisionato
2006/10/22 05:55:20.11,-0.5,40.8220,14.1340,2.00,Revisionato
2006/10/23 08:06:33.14,0.1,40.8285,14.1608,1.48,Revisionato
2006/10/23 08:06:49.60,0.1,40.8220,14.1398,1.12,Revisionato
2006/10/23 08:07:33.58,0.8,40.8237,14.1533,1.73,Revisionato
2006/10/23 08:08:17.06,0.6,40.8230,14.1565,1.71,Revisionato
2006/10/23 08:09:45.19,0.7,40.8315,14.1470,2.00,Revisionato
2006/10/23 08:10:36.32,0.6,40.8313,14.1517,1.09,Revisionato
2006/10/23 08:11:50.43,0.7,40.8313,14.1450,1.49,Revisionato
2006/10/23 08:13:35.61,0.4,40.8313,14.1563,1.30,Revisionato
2006/10/23 08:18:16.25,0.6,40.8248,14.1517,1.72,Revisionato
2006/10/25 22:18:40.93,0.2,40.8315,14.1402,1.11,Revisionato
2006/10/26 03:19:38.66,-0.3,40.8233,14.1603,1.13,Revisionato
2006/10/26 04:10:13.82,0.1,40.8293,14.1420,1.48,Revisionato
2006/10/26 04:12:19.60,-0.5,40.8250,14.1517,1.84,Revisionato
2006/10/26 04:53:10.31,0.5,40.8313,14.1458,1.64,Revisionato
2006/10/26 22:49:38.83,-0.1,40.8253,14.1517,2.00,Revisionato
2006/10/28 17:58:3.92,0.2,40.8197,14.1563,1.61,Revisionato
2006/12/20 23:53:5.67,1.1,40.8263,14.1488,1.83,Revisionato
2006/12/21 22:25:31.84,1.4,40.8378,14.1435,1.16,Revisionato
2006/12/21 22:42:16.04,1.1,40.8385,14.1458,0.94,Revisionato
2007/02/08 01:07:41.42,0.5,40.8220,14.1425,2.00,Revisionato
2008/01/03 01:03:38.77,-0.3,40.8255,14.1523,1.65,Revisionato
2008/01/05 19:06:13.71,0.1,40.8240,14.1517,2.00,Revisionato
2008/01/05 19:09:58.68,-0.3,40.8228,14.1517,1.68,Revisionato
2008/01/05 19:10:7.61,-0.3,40.8313,14.1492,1.58,Revisionato
2008/01/05 19:17:56.34,0.7,40.8257,14.1498,1.89,Revisionato
2008/01/05 19:20:40.20,-0.3,40.8313,14.1432,2.00,Revisionato
2008/01/20 00:55:17.64,0.4,40.8315,14.1427,1.88,Revisionato
2008/01/20 00:55:29.50,0.1,40.8353,14.1402,2.00,Revisionato
2008/01/20 01:00:32.00,0.1,40.8358,14.1385,1.63,Revisionato
2008/02/04 20:44:33.68,-0.1,40.8432,14.1208,1.61,Revisionato
2008/02/04 20:46:34.57,1.2,40.8402,14.1205,2.00,Revisionato
2008/02/13 11:50:30.00,-0.3,40.8212,14.1517,1.21,Revisionato
2008/02/19 08:40:48.91,0.4,40.8392,14.1813,4.17,Revisionato
2008/02/19 12:48:41.28,1.6,40.8480,14.1910,3.70,Revisionato
2008/10/10 11:56:59.38,0.5,40.8408,14.1417,1.06,Revisionato
2008/11/10 03:01:17.25,-0.1,40.8313,14.1517,1.00,Revisionato
2009/01/23 05:33:47.76,-0.5,40.8290,14.1672,0.10,Revisionato
2009/01/23 05:40:19.59,-0.5,40.8260,14.1680,0.52,Revisionato
2009/01/23 05:42:36.95,0.0,40.8313,14.1563,1.83,Revisionato
2009/01/23 05:48:43.51,-0.5,40.8313,14.1553,1.56,Revisionato
2009/01/23 05:49:2.32,-1.0,40.8315,14.1402,2.54,Revisionato
2009/01/23 05:51:36.19,-0.8,40.8333,14.1607,0.14,Revisionato
2009/02/15 06:02:13.14,0.8,40.8522,14.1528,0.75,Revisionato
2009/05/04 09:31:27.28,0.2,40.8315,14.1492,1.83,Revisionato
2009/05/04 09:40:38.99,0.2,40.8217,14.1360,0.27,Revisionato
2009/05/04 09:49:41.53,0.2,40.8313,14.1422,2.00,Revisionato
2009/05/23 19:30:15.52,-0.8,40.8330,14.1222,2.00,Revisionato
2009/05/23 19:47:6.00,-0.1,40.8283,14.1322,2.00,Revisionato
2009/05/23 21:11:36.09,-0.8,40.8175,14.1382,2.00,Revisionato
2009/05/25 18:01:0.29,0.1,40.8220,14.1278,2.00,Revisionato
2009/06/13 03:40:44.11,0.9,40.8230,14.1488,1.11,Revisionato
2010/01/29 17:34:48.27,1.1,40.8427,14.1608,4.30,Revisionato
2010/03/30 16:15:23.23,-0.5,40.8302,14.1655,0.08,Revisionato
2010/03/30 16:20:43.57,-0.1,40.8245,14.1670,0.81,Revisionato
2010/03/30 16:22:40.09,-0.3,40.8313,14.1517,1.46,Revisionato
2010/03/30 16:24:3.10,0.6,40.8257,14.1647,0.72,Revisionato
2010/03/30 16:24:36.77,0.9,40.8293,14.1492,2.29,Revisionato
2010/03/30 16:25:46.34,1.0,40.8313,14.1517,1.84,Revisionato
2010/03/30 16:27:8.04,-0.1,40.8313,14.1517,2.23,Revisionato
2010/03/30 16:28:24.07,0.8,40.8313,14.1535,2.30,Revisionato
2010/03/30 16:29:5.94,1.1,40.8292,14.1517,2.32,Revisionato
2010/03/30 16:30:53.80,1.0,40.8292,14.1517,1.82,Revisionato
2010/03/30 16:31:31.79,0.6,40.8280,14.1482,2.53,Revisionato
2010/03/30 16:33:42.86,-0.3,40.8313,14.1517,2.00,Revisionato
2010/03/30 16:34:27.53,1.2,40.8313,14.1517,1.83,Revisionato
2010/03/30 16:36:23.26,-0.1,40.8313,14.1498,2.42,Revisionato
2010/03/30 16:36:45.86,0.1,40.8313,14.1517,1.75,Revisionato
2010/03/30 16:38:23.20,0.2,40.8300,14.1502,2.25,Revisionato
2010/03/30 16:38:49.51,0.2,40.8393,14.1403,0.11,Revisionato
2010/03/30 16:40:23.63,1.2,40.8313,14.1517,1.86,Revisionato
2010/03/30 17:16:8.80,0.5,40.8348,14.1458,1.89,Revisionato
2010/07/07 13:12:0.28,-0.3,40.8238,14.1402,2.48,Revisionato
2010/07/07 13:16:35.80,-0.1,40.8220,14.1407,2.00,Revisionato
2010/07/07 16:36:55.94,-0.1,40.8315,14.1318,2.00,Revisionato
2010/07/26 19:40:3.40,-0.5,40.8228,14.1337,1.50,Revisionato
2010/10/01 07:37:46.90,-0.5,40.8427,14.1422,0.46,Revisionato
2010/11/06 16:22:0.96,0.8,40.9025,14.1028,3.54,Revisionato
2011/02/05 16:26:31.49,-0.3,40.8265,14.1792,3.57,Revisionato
2011/02/07 07:04:3.01,1.1,40.8417,14.1388,2.00,Revisionato
2011/04/10 12:11:11.65,1.4,40.8687,14.1158,2.00,Revisionato
2011/04/18 01:44:18.87,-0.3,40.8285,14.1377,2.38,Revisionato
2011/04/30 00:35:54.16,-0.5,40.8315,14.1323,1.64,Revisionato
2011/04/30 00:46:2.95,-0.5,40.8295,14.1315,1.72,Revisionato
2011/05/13 01:07:28.41,-0.8,40.8315,14.1493,1.54,Revisionato
2011/05/13 01:28:33.52,-1.0,40.8315,14.1465,1.01,Revisionato
2011/05/13 02:26:40.87,-0.5,40.8315,14.1387,2.22,Revisionato
2011/05/18 16:39:12.93,0.7,40.8427,14.1730,2.26,Revisionato
2011/05/19 00:39:55.65,1.5,40.8427,14.1688,2.45,Revisionato
2011/07/10 03:01:59.30,0.0,40.8235,14.1427,0.01,Revisionato
2011/07/10 03:02:0.23,0.5,40.8315,14.1402,2.00,Revisionato
2011/09/02 19:34:53.17,0.2,40.8325,14.1573,2.04,Revisionato
2011/09/08 02:56:11.79,1.2,40.8212,14.1447,2.34,Revisionato
2011/09/08 03:01:27.63,0.7,40.8260,14.1458,1.61,Revisionato
2011/11/28 17:40:6.81,0.7,40.8228,14.1625,2.58,Revisionato
2011/12/03 21:30:48.39,-0.3,40.8407,14.1380,1.05,Revisionato
2012/01/14 07:42:40.95,0.2,40.8313,14.1495,2.00,Revisionato
2012/01/22 08:01:5.69,-0.3,40.8220,14.1355,2.00,Revisionato
2012/01/31 18:47:1.98,-0.3,40.8390,14.1628,0.94,Revisionato
2012/02/10 00:29:9.90,0.1,40.8427,14.1457,1.41,Revisionato
2012/02/11 03:52:9.49,-0.1,40.8240,14.1512,0.82,Revisionato
2012/02/25 17:47:42.91,-0.5,40.8315,14.1428,0.97,Revisionato
2012/03/29 08:27:58.76,-0.3,40.8313,14.1380,0.49,Revisionato
2012/04/11 23:07:17.84,-0.3,40.8397,14.1653,2.00,Revisionato
2012/04/11 23:08:22.06,-0.5,40.8427,14.1608,4.17,Revisionato
2012/04/11 23:15:41.39,-0.8,40.8427,14.1608,4.65,Revisionato
2012/04/12 21:45:52.35,-0.1,40.8457,14.1623,2.00,Revisionato
2012/04/19 16:40:30.78,0.1,40.8220,14.1347,2.00,Revisionato
2012/04/19 16:44:38.20,0.4,40.8220,14.1365,2.00,Revisionato
2012/04/19 16:45:6.08,-0.8,40.8220,14.1347,2.00,Revisionato
2012/04/19 16:53:8.15,-0.3,40.8220,14.1337,2.00,Revisionato
2012/04/19 19:34:1.05,0.8,40.8250,14.1327,2.00,Revisionato
2012/04/19 19:56:42.32,1.4,40.8233,14.1345,2.00,Revisionato
2012/04/19 19:57:22.69,0.2,40.8197,14.1325,0.63,Revisionato
2012/04/19 19:58:16.38,-0.3,40.8188,14.1365,2.00,Revisionato
2012/04/20 04:29:5.22,0.8,40.8153,14.1307,1.62,Revisionato
2012/04/20 04:29:29.95,1.1,40.8235,14.1300,2.00,Revisionato
2012/04/20 04:30:46.15,-0.5,40.8220,14.1282,2.00,Revisionato
2012/04/20 04:45:53.26,1.1,40.8228,14.1290,2.67,Revisionato
2012/04/20 05:04:13.85,-0.3,40.8220,14.1337,2.00,Revisionato
2012/04/20 05:32:31.58,-0.3,40.8220,14.1348,2.78,Revisionato
2012/04/22 21:37:40.55,0.4,40.8220,14.1343,2.00,Revisionato
2012/05/27 22:26:38.91,-0.5,40.8207,14.1383,1.53,Revisionato
2012/05/27 23:05:48.22,-1.0,40.8220,14.1422,2.00,Revisionato
2012/06/01 21:55:28.10,0.1,40.8273,14.1485,1.30,Revisionato
2012/06/01 22:51:23.57,0.1,40.8310,14.1517,1.00,Revisionato
2012/06/05 01:55:36.40,0.4,40.8243,14.1307,1.58,Revisionato
2012/07/06 03:05:48.56,0.2,40.8082,14.1913,2.81,Revisionato
2012/08/02 13:55:44.02,0.2,40.8313,14.1440,1.40,Revisionato
2012/08/04 01:08:16.53,-0.5,40.8223,14.1402,2.74,Revisionato
2012/08/04 01:09:13.01,-0.1,40.8220,14.1342,1.00,Revisionato
2012/08/04 01:09:13.01,-0.5,40.8220,14.1342,1.00,Revisionato
2012/08/04 01:24:57.43,0.1,40.8220,14.1352,1.69,Revisionato
2012/08/04 17:24:48.63,-0.5,40.8220,14.1410,2.00,Revisionato
2012/08/22 07:01:35.00,0.2,40.8352,14.1525,2.00,Revisionato
2012/09/01 03:48:22.83,0.7,40.8270,14.1218,2.00,Revisionato
2012/09/01 04:02:31.43,1.0,40.8222,14.1130,2.00,Revisionato
2012/09/01 04:37:38.38,1.0,40.8237,14.1158,2.00,Revisionato
2012/09/01 06:09:22.99,-0.1,40.8238,14.1158,2.00,Revisionato
2012/09/07 07:15:46.26,0.1,40.8348,14.1187,3.23,Revisionato
2012/09/07 07:16:25.30,-0.5,40.8367,14.1158,3.38,Revisionato
2012/09/07 07:18:21.33,-0.3,40.8367,14.1158,3.61,Revisionato
2012/09/07 07:19:42.83,-1.0,40.8367,14.1205,4.02,Revisionato
2012/09/07 07:21:20.15,0.1,40.8367,14.1158,2.99,Revisionato
2012/09/07 07:22:30.79,-0.8,40.8395,14.1192,2.81,Revisionato
2012/09/07 07:23:34.63,-0.3,40.8403,14.1188,3.19,Revisionato
2012/09/07 07:23:42.22,0.1,40.8367,14.1158,2.95,Revisionato
2012/09/07 07:23:53.30,-0.8,40.8367,14.1117,2.75,Revisionato
2012/09/07 07:24:39.72,0.9,40.8367,14.1158,2.80,Revisionato
2012/09/07 07:25:54.27,0.6,40.8390,14.1177,2.99,Revisionato
2012/09/07 07:27:26.45,0.9,40.8395,14.1158,3.06,Revisionato
2012/09/07 07:28:16.44,-1.0,40.8388,14.1188,2.67,Revisionato
2012/09/07 07:29:27.99,-0.5,40.8367,14.1158,2.77,Revisionato
2012/09/07 07:29:35.31,-0.5,40.8392,14.1103,2.95,Revisionato
2012/09/07 07:31:27.07,0.9,40.8367,14.1158,2.82,Revisionato
2012/09/07 07:33:17.35,0.1,40.8410,14.1102,2.82,Revisionato
2012/09/07 07:34:14.12,1.7,40.8367,14.1110,3.07,Revisionato
2012/09/07 07:35:25.40,-0.5,40.8367,14.1133,3.07,Revisionato
2012/09/07 07:39:46.84,-0.3,40.8390,14.1158,2.97,Revisionato
2012/09/07 07:43:53.33,-0.1,40.8388,14.1102,2.95,Revisionato
2012/09/07 07:49:12.06,1.1,40.8367,14.1158,3.00,Revisionato
2012/09/07 07:51:46.78,0.2,40.8367,14.1158,3.13,Revisionato
2012/09/07 07:55:27.48,-0.3,40.8367,14.1158,3.03,Revisionato
2012/09/07 07:55:34.11,0.2,40.8395,14.1183,3.22,Revisionato
2012/09/07 07:59:18.36,0.4,40.8390,14.1158,3.09,Revisionato
2012/09/07 08:00:46.81,0.5,40.8405,14.1190,2.78,Revisionato
2012/09/07 08:03:27.60,1.2,40.8388,14.1158,3.11,Revisionato
2012/09/07 08:13:19.37,0.9,40.8417,14.1158,2.97,Revisionato
2012/09/07 08:17:32.84,0.2,40.8395,14.1158,3.47,Revisionato
2012/09/07 08:21:48.26,0.8,40.8452,14.1215,2.62,Revisionato
2012/09/07 08:25:0.89,1.7,40.8407,14.1133,2.16,Revisionato
2012/09/07 08:26:56.08,0.1,40.8390,14.1143,2.95,Revisionato
2012/09/07 08:28:48.45,-0.5,40.8367,14.1158,3.07,Revisionato
2012/09/07 08:32:5.45,0.8,40.8367,14.1158,3.05,Revisionato
2012/09/07 08:36:3.02,0.6,40.8367,14.1190,3.61,Revisionato
2012/09/07 08:40:28.89,0.2,40.8398,14.1128,2.94,Revisionato
2012/09/07 08:41:50.63,-0.1,40.8367,14.1158,3.33,Revisionato
2012/09/07 08:42:19.97,-0.3,40.8405,14.1163,2.00,Revisionato
2012/09/07 08:47:0.82,1.0,40.8400,14.1158,3.11,Revisionato
2012/09/07 08:52:59.33,-0.5,40.8367,14.1158,3.11,Revisionato
2012/09/07 08:54:45.57,-0.1,40.8385,14.1122,2.98,Revisionato
2012/09/07 09:02:16.08,0.1,40.8405,14.1182,2.96,Revisionato
2012/09/07 09:04:36.50,-0.5,40.8397,14.1158,2.52,Revisionato
2012/09/07 09:06:56.89,-0.1,40.8428,14.1120,2.92,Revisionato
2012/09/07 09:24:21.63,-0.1,40.8432,14.1127,3.19,Revisionato
2012/09/21 09:26:20.17,0.7,40.8490,14.1187,1.38,Revisionato
2012/10/04 23:43:44.43,0.1,40.8315,14.1337,2.36,Revisionato
2012/10/11 22:11:53.14,-0.1,40.8382,14.1435,2.38,Revisionato
2012/10/14 15:22:29.94,0.2,40.8237,14.1438,0.66,Revisionato
2012/10/16 00:05:52.93,1.8,40.8228,14.1465,1.56,Revisionato
2012/10/27 03:09:46.50,0.5,40.8237,14.1348,2.25,Revisionato
2012/10/27 07:33:34.43,0.2,40.8243,14.1353,2.00,Revisionato
2012/12/13 05:00:24.57,-0.5,40.8220,14.1420,2.52,Revisionato
2012/12/16 06:50:59.88,-0.5,40.8228,14.1462,1.61,Revisionato
2012/12/25 18:10:28.26,0.4,40.8215,14.1487,1.25,Revisionato
2012/12/26 06:33:1.77,0.1,40.8220,14.1713,2.69,Revisionato
2012/12/31 00:36:52.07,0.2,40.8297,14.1302,1.75,Revisionato
2013/01/05 20:44:12.07,0.1,40.8313,14.1435,0.20,Revisionato
2013/01/23 23:44:27.68,-0.1,40.8220,14.1273,0.46,Revisionato
2013/01/26 09:33:7.66,-0.1,40.8397,14.1375,1.55,Revisionato
2013/01/26 10:42:34.82,0.2,40.8430,14.1367,1.00,Revisionato
2013/01/26 12:12:36.64,-0.5,40.8407,14.1340,1.11,Revisionato
2013/01/30 23:05:34.32,0.2,40.8315,14.1528,2.00,Revisionato
2013/01/31 23:23:20.67,-0.5,40.8315,14.1507,1.70,Revisionato
2013/02/04 22:41:33.40,-0.8,40.8313,14.1472,2.18,Revisionato
2013/02/07 00:14:26.27,-0.3,40.8217,14.1402,2.93,Revisionato
2013/02/15 10:11:29.25,-0.8,40.8207,14.1455,0.91,Revisionato
2013/03/30 10:21:35.14,-0.8,40.8252,14.1402,3.97,Revisionato
2013/04/03 02:09:50.87,-0.3,40.8315,14.1388,1.72,Revisionato
2013/04/05 21:55:34.75,-0.8,40.8240,14.1412,2.00,Revisionato
2013/04/09 03:55:18.27,-0.3,40.8223,14.1402,1.78,Revisionato
2013/05/12 02:41:59.50,-0.5,40.8313,14.1500,1.90,Revisionato
2014/02/15 06:00:14.26,0.1,40.8688,14.0843,7.24,Revisionato
2014/03/20 04:36:23.34,0.9,40.8260,14.1516,1.80,Revisionato
2014/03/23 22:20:32.09,-0.1,40.8313,14.1567,2.00,Revisionato
2014/03/31 23:08:0.93,-0.1,40.8313,14.1467,2.00,Revisionato
2014/03/31 23:22:7.44,0.7,40.8313,14.1408,2.00,Revisionato
2014/04/06 05:10:27.86,0.1,40.8307,14.1478,1.94,Revisionato
2014/04/06 05:31:52.92,0.1,40.8235,14.1517,1.62,Revisionato
2014/06/13 20:02:1.11,0.5,40.8223,14.1517,1.24,Revisionato
2014/06/26 09:38:18.63,0.4,40.8318,14.1665,3.12,Revisionato
2014/07/30 16:30:58.52,-0.8,40.8242,14.1423,0.64,Revisionato
2014/07/30 16:51:38.23,-0.5,40.8263,14.1413,0.78,Revisionato
2014/07/30 16:59:26.69,-0.8,40.8267,14.1432,0.45,Revisionato
2014/07/31 11:20:11.36,-0.8,40.8285,14.1422,0.74,Revisionato
2014/07/31 16:13:35.83,-0.8,40.8315,14.1387,0.92,Revisionato
2014/08/01 16:06:17.47,0.4,40.8248,14.1278,1.55,Revisionato
2014/08/01 16:53:41.70,0.2,40.8233,14.1355,2.43,Revisionato
2014/08/02 18:06:20.57,0.4,40.8227,14.1430,0.85,Revisionato
2014/08/03 15:53:18.19,-0.5,40.8222,14.1358,1.69,Revisionato
2014/08/03 16:00:27.05,0.8,40.8222,14.1358,2.00,Revisionato
2014/08/03 16:00:47.48,0.7,40.8250,14.1325,2.00,Revisionato
2014/08/04 01:35:12.96,-0.3,40.8212,14.1433,0.31,Revisionato
2014/08/04 01:36:18.19,-0.5,40.8217,14.1430,0.35,Revisionato
2014/08/07 13:48:3.39,-0.5,40.8198,14.1370,0.32,Revisionato
2014/08/07 13:48:31.75,0.2,40.8207,14.1360,2.00,Revisionato
2014/08/07 15:41:56.46,0.6,40.8207,14.1360,1.76,Revisionato
2014/08/07 23:57:20.50,0.2,40.8215,14.1365,3.64,Revisionato
2014/08/10 13:09:48.35,0.4,40.8185,14.1370,1.10,Revisionato
2014/08/10 14:24:2.27,0.6,40.8187,14.1358,1.53,Revisionato
2014/08/10 16:01:4.09,0.2,40.8207,14.1360,1.14,Revisionato
2014/08/12 22:12:54.51,0.2,40.8208,14.1517,1.46,Revisionato
2014/08/12 22:18:44.11,0.4,40.8207,14.1450,1.06,Revisionato
2014/08/30 15:51:51.66,0.1,40.8230,14.1425,0.15,Revisionato
2014/08/30 22:15:17.53,-0.1,40.8240,14.1425,0.95,Revisionato
2014/09/03 12:14:31.93,-0.3,40.8227,14.1342,1.45,Revisionato
2014/09/03 12:14:42.26,-1.0,40.8190,14.1368,1.00,Revisionato
2014/09/04 18:54:37.14,0.9,40.8220,14.1132,0.92,Revisionato
2014/09/04 18:55:3.76,1.0,40.8220,14.1165,2.00,Revisionato
2014/09/04 19:55:32.18,0.9,40.8220,14.1187,2.00,Revisionato
2014/09/04 20:44:21.42,0.7,40.8220,14.1172,1.34,Revisionato
2014/09/05 14:30:51.37,0.1,40.8212,14.1458,1.34,Revisionato
2014/09/10 03:09:29.62,0.2,40.8220,14.1222,2.00,Revisionato
2014/09/10 13:59:34.74,-0.5,40.8220,14.1315,0.93,Revisionato
2014/09/16 01:01:47.16,-0.8,40.8220,14.1312,1.35,Revisionato
2014/09/16 01:05:44.46,-1.0,40.8180,14.1347,1.54,Revisionato
2014/09/16 01:05:57.57,-0.8,40.8192,14.1322,1.33,Revisionato
2014/09/16 01:06:33.95,0.5,40.8315,14.1453,2.12,Revisionato
2014/09/16 01:21:19.78,1.0,40.8200,14.1333,1.20,Revisionato
2014/09/16 01:34:1.38,0.2,40.8232,14.1303,1.00,Revisionato
2014/09/16 01:45:12.93,1.0,40.8187,14.1358,1.58,Revisionato
2014/09/16 04:17:37.93,0.1,40.8187,14.1405,1.65,Revisionato
2014/09/16 08:30:11.04,0.4,40.8213,14.1418,0.11,Revisionato
2014/09/16 19:56:17.83,0.4,40.8248,14.1260,2.00,Revisionato
2014/09/16 21:09:31.24,0.2,40.8155,14.1653,3.20,Revisionato
2014/09/16 21:11:4.62,0.1,40.8147,14.1667,2.83,Revisionato
2014/09/19 19:48:30.91,0.9,40.8268,14.1233,2.00,Revisionato
2014/09/20 22:08:6.24,-0.1,40.8228,14.1255,2.61,Revisionato
2014/09/20 22:09:41.54,0.6,40.8207,14.1283,2.20,Revisionato
2014/09/21 07:30:4.08,-0.3,40.8213,14.1440,0.12,Revisionato
2014/09/21 07:32:38.70,0.1,40.8222,14.1432,0.06,Revisionato
2014/09/21 07:32:56.46,-0.3,40.8220,14.1402,2.00,Revisionato
2014/09/21 07:34:50.49,-0.8,40.8225,14.1422,0.68,Revisionato
2014/09/21 16:19:56.98,-0.3,40.8217,14.1448,0.56,Revisionato
2014/09/25 04:21:26.39,-0.1,40.8222,14.1443,0.14,Revisionato
2014/09/26 10:45:10.49,-0.1,40.8315,14.1350,2.08,Revisionato
2014/09/28 02:47:28.85,0.1,40.8207,14.1392,1.27,Revisionato
2014/09/28 03:39:40.28,-0.3,40.8230,14.1387,1.67,Revisionato
2014/09/28 11:25:47.33,-0.1,40.8200,14.1462,0.16,Revisionato
2014/10/04 06:22:45.49,-0.1,40.8203,14.1443,0.17,Revisionato
2014/10/04 06:55:30.86,-0.3,40.8207,14.1438,0.14,Revisionato
2014/10/12 01:53:41.72,0.1,40.8247,14.1383,1.21,Revisionato
2014/10/23 10:24:5.99,-0.5,40.8190,14.1402,0.96,Revisionato
2014/10/25 19:29:28.96,0.5,40.8207,14.1488,1.62,Revisionato
2014/10/25 19:30:5.10,-0.3,40.8255,14.1415,1.18,Revisionato
2014/10/25 19:30:12.15,-0.3,40.8212,14.1487,1.56,Revisionato
2014/10/25 22:34:35.02,0.4,40.8203,14.1517,1.65,Revisionato
2014/10/30 12:53:59.16,0.1,40.8213,14.1435,0.44,Revisionato
2014/10/30 12:54:47.05,-1.0,40.8247,14.1420,1.30,Revisionato
2014/10/30 12:54:51.02,1.9,40.8228,14.1455,0.83,Revisionato
2014/11/21 17:46:59.59,-0.3,40.8228,14.1433,0.18,Revisionato
2014/11/21 17:47:18.74,-0.8,40.8250,14.1467,0.28,Revisionato
2014/11/21 17:47:40.98,-0.8,40.8225,14.1438,0.20,Revisionato
2014/11/21 17:47:47.42,-1.0,40.8223,14.1440,0.38,Revisionato
2014/11/21 17:48:47.94,0.2,40.8217,14.1447,0.03,Revisionato
2014/11/22 11:52:25.41,-0.5,40.8242,14.1367,0.71,Revisionato
2015/02/02 22:01:6.66,0.9,40.8402,14.1287,1.06,Revisionato
2015/02/25 21:10:10.27,-0.1,40.8377,14.1357,1.07,Revisionato
2015/03/02 19:45:49.90,-0.3,40.8207,14.1393,1.28,Revisionato
2015/03/02 19:48:2.36,-0.3,40.8207,14.1380,1.62,Revisionato
2015/03/02 19:48:12.91,0.7,40.8207,14.1405,1.74,Revisionato
2015/03/02 21:17:34.59,0.2,40.8207,14.1393,1.45,Revisionato
2015/03/03 22:10:56.59,-0.1,40.8193,14.1517,1.28,Revisionato
2015/03/03 22:36:31.04,0.4,40.8213,14.1517,1.17,Revisionato
2015/03/03 22:40:14.52,-0.5,40.8213,14.1462,0.07,Revisionato
2015/03/03 22:42:59.12,-0.1,40.8248,14.1462,1.17,Revisionato
2015/03/03 22:44:14.19,-0.5,40.8213,14.1455,0.72,Revisionato
2015/03/03 22:47:24.76,-0.5,40.8203,14.1497,1.32,Revisionato
2015/03/03 22:49:47.68,1.8,40.8267,14.1455,1.72,Revisionato
2015/03/07 11:31:49.74,-1.0,40.8215,14.1443,0.46,Revisionato
2015/03/07 11:32:55.89,-1.0,40.8205,14.1432,0.11,Revisionato
2015/03/13 03:16:59.59,-1.0,40.8207,14.1360,1.11,Revisionato
2015/03/13 03:21:14.74,-0.5,40.8227,14.1383,1.32,Revisionato
2015/03/16 04:42:22.99,-0.5,40.8215,14.1437,0.32,Revisionato
2015/03/21 23:28:54.97,0.2,40.8267,14.1418,1.10,Revisionato
2015/03/25 00:48:9.97,-0.3,40.8237,14.1353,1.63,Revisionato
2015/03/27 04:38:26.64,-0.5,40.8248,14.1360,1.66,Revisionato
2015/03/27 07:22:48.62,-0.5,40.8257,14.1402,2.28,Revisionato
2015/03/27 07:23:3.71,-0.3,40.8223,14.1360,1.71,Revisionato
2015/03/27 07:31:18.73,-0.3,40.8213,14.1358,1.33,Revisionato
2015/04/20 23:06:21.30,0.5,40.8212,14.1487,1.17,Revisionato
2015/04/25 18:25:41.47,-0.3,40.8220,14.1430,0.16,Revisionato
2015/05/03 04:07:40.25,-0.5,40.8267,14.1355,1.56,Revisionato
2015/05/09 05:53:19.91,-0.1,40.8220,14.1420,0.42,Revisionato
2015/05/09 08:31:26.82,-0.5,40.8213,14.1432,0.19,Revisionato
2015/05/20 03:43:3.89,-0.1,40.8265,14.1383,2.40,Revisionato
2015/06/02 17:17:5.98,-0.5,40.8315,14.1293,1.48,Revisionato
2015/06/02 17:17:33.01,-0.5,40.8315,14.1325,1.76,Revisionato
2015/06/02 17:22:14.29,-0.3,40.8315,14.1297,1.35,Revisionato
2015/06/02 19:47:45.15,-0.3,40.8318,14.1265,0.83,Revisionato
2015/06/06 10:49:35.17,-0.1,40.8233,14.1298,2.00,Revisionato
2015/06/06 19:10:5.38,0.4,40.8232,14.1282,1.11,Revisionato
2015/07/11 15:35:11.52,0.6,40.8413,14.1347,0.73,Revisionato
2015/07/11 15:36:37.79,0.4,40.8398,14.1368,1.18,Revisionato
2015/07/14 12:16:6.42,0.1,40.8207,14.1375,1.31,Revisionato
2015/07/14 12:16:54.29,-0.3,40.8202,14.1395,0.98,Revisionato
2015/07/15 00:28:18.30,-0.8,40.8210,14.1458,0.07,Revisionato
2015/07/15 00:28:38.48,-0.5,40.8220,14.1445,0.13,Revisionato
2015/07/16 20:30:16.60,-1.0,40.8215,14.1445,0.28,Revisionato
2015/07/22 05:38:30.44,-0.1,40.8230,14.1402,1.57,Revisionato
2015/08/11 00:00:40.14,0.4,40.8262,14.1428,1.26,Revisionato
2015/08/31 16:43:9.16,0.4,40.8313,14.1427,1.16,Revisionato
2015/09/02 01:17:28.70,-0.5,40.8292,14.1335,1.76,Revisionato
2015/09/02 01:17:33.55,-0.5,40.8317,14.1328,1.84,Revisionato
2015/09/02 01:17:53.76,-0.8,40.8323,14.1293,1.41,Revisionato
2015/09/02 01:19:8.00,0.1,40.8325,14.1267,1.36,Revisionato
2015/09/02 01:19:34.28,-1.0,40.8352,14.1272,1.00,Revisionato
2015/09/02 01:52:44.28,-0.5,40.8313,14.1300,1.70,Revisionato
2015/09/05 13:03:40.78,-0.8,40.8193,14.1487,0.51,Revisionato
2015/09/05 13:03:50.75,-0.5,40.8225,14.1485,0.86,Revisionato
2015/09/08 20:28:18.36,0.1,40.8383,14.1405,1.63,Revisionato
2015/09/09 02:14:9.76,-0.1,40.8252,14.1350,2.21,Revisionato
2015/09/10 20:30:44.28,-0.1,40.8238,14.1430,1.49,Revisionato
2015/09/18 02:37:34.83,0.2,40.8220,14.1250,1.81,Revisionato
2015/09/18 02:48:22.86,-0.3,40.8220,14.1270,1.20,Revisionato
2015/09/19 03:21:35.03,-0.1,40.8228,14.1420,0.67,Revisionato
2015/09/19 03:22:21.89,-0.5,40.8263,14.1415,0.79,Revisionato
2015/09/19 03:27:37.45,0.4,40.8253,14.1387,0.93,Revisionato
2015/09/27 03:55:20.84,0.1,40.8227,14.1418,0.63,Revisionato
2015/10/07 07:20:34.27,1.5,40.8247,14.1477,2.05,Revisionato
2015/10/07 07:24:55.06,1.1,40.8257,14.1465,1.52,Revisionato
2015/10/07 07:26:18.79,1.0,40.8272,14.1440,1.73,Revisionato
2015/10/07 07:31:33.05,1.9,40.8242,14.1478,1.75,Revisionato
2015/10/07 07:37:40.70,2.2,40.8260,14.1467,2.11,Revisionato
2015/10/07 07:54:13.49,2.0,40.8268,14.1483,2.25,Revisionato
2015/10/07 07:59:8.43,0.7,40.8243,14.1520,1.70,Revisionato
2015/10/07 07:59:15.92,1.1,40.8233,14.1483,1.08,Revisionato
2015/10/07 08:02:52.10,1.0,40.8232,14.1468,1.15,Revisionato
2015/10/07 08:13:51.19,2.3,40.8263,14.1465,2.26,Revisionato
2015/10/07 08:49:8.28,1.1,40.8237,14.1487,1.71,Revisionato
2015/10/07 09:10:50.68,2.5,40.8250,14.1503,1.53,Revisionato
2015/10/07 09:16:24.23,1.1,40.8233,14.1472,1.32,Revisionato
2015/10/07 11:53:35.56,-0.5,40.8277,14.1402,1.69,Revisionato
2015/10/07 22:05:20.64,0.2,40.8243,14.1423,1.43,Revisionato
2015/10/08 13:42:17.92,0.8,40.8245,14.1443,1.73,Revisionato
2015/10/10 04:00:22.26,0.4,40.8315,14.1242,2.30,Revisionato
2015/10/10 04:01:57.07,-0.3,40.8290,14.1222,2.24,Revisionato
2015/10/10 04:02:40.12,0.4,40.8310,14.1222,2.00,Revisionato
2015/10/29 22:37:16.02,0.7,40.8400,14.1327,0.99,Revisionato
2015/10/29 22:49:3.93,1.1,40.8407,14.1353,1.62,Revisionato
2015/10/29 22:49:51.36,0.6,40.8410,14.1363,1.48,Revisionato
2015/10/29 22:51:15.73,0.7,40.8412,14.1338,0.82,Revisionato
2015/10/29 22:55:53.75,0.6,40.8447,14.1370,0.94,Revisionato
2015/10/30 01:14:46.13,0.4,40.8455,14.1350,1.34,Revisionato
2015/10/30 01:15:13.99,0.4,40.8407,14.1323,1.16,Revisionato
2015/10/30 21:38:14.90,-0.5,40.8218,14.1453,0.53,Revisionato
2015/12/02 18:01:39.76,-0.5,40.8220,14.1410,0.53,Revisionato
2015/12/03 02:24:26.21,0.2,40.8268,14.1295,0.89,Revisionato
2015/12/03 02:25:41.35,-0.8,40.8240,14.1302,0.78,Revisionato
2015/12/03 16:35:50.19,-0.1,40.8245,14.1430,0.64,Revisionato
2015/12/12 14:03:1.06,-0.8,40.8237,14.1420,0.76,Revisionato
2015/12/12 14:03:45.57,0.8,40.8248,14.1398,0.66,Revisionato
2015/12/12 14:04:18.52,0.2,40.8222,14.1430,0.35,Revisionato
2015/12/12 14:05:41.70,-1.0,40.8253,14.1372,1.00,Revisionato
2015/12/21 01:37:6.61,-0.5,40.8248,14.1402,0.96,Revisionato
2015/12/21 01:41:3.95,0.5,40.8243,14.1395,1.01,Revisionato
2015/12/23 18:17:59.10,-0.5,40.8195,14.1470,1.00,Revisionato
2015/12/27 19:01:20.90,-0.8,40.8232,14.1448,1.50,Revisionato
2015/12/27 19:25:46.67,-0.3,40.8207,14.1442,1.32,Revisionato
2015/12/27 19:25:53.46,-0.1,40.8207,14.1465,1.37,Revisionato
2016/01/17 05:23:17.19,0.4,40.8402,14.1357,0.90,Revisionato
2016/01/17 05:23:27.57,0.2,40.8372,14.1362,1.63,Revisionato
2016/01/17 05:23:49.98,0.2,40.8383,14.1360,1.66,Revisionato
2016/01/26 04:55:28.52,0.7,40.8245,14.1392,0.88,Revisionato
2016/02/05 13:19:3.02,0.5,40.8557,14.1465,2.41,Revisionato
2016/02/06 16:42:56.56,-0.3,40.8252,14.1437,0.53,Revisionato
2016/02/10 04:20:25.90,0.4,40.8230,14.1487,1.48,Revisionato
2016/03/02 15:45:35.65,-0.5,40.8278,14.1423,0.70,Revisionato
2016/03/21 08:42:33.74,-1.0,40.8243,14.1327,1.81,Revisionato
2016/03/21 17:16:4.84,0.1,40.8227,14.1327,1.92,Revisionato
2016/03/21 23:05:54.39,0.2,40.8230,14.1300,1.80,Revisionato
2016/03/24 10:59:36.67,0.5,40.8207,14.1395,1.68,Revisionato
2016/03/24 10:59:51.36,0.5,40.8233,14.1395,1.29,Revisionato
2016/03/24 11:03:4.88,0.6,40.8232,14.1358,1.87,Revisionato
2016/03/29 12:57:4.48,-0.3,40.8227,14.1427,0.64,Revisionato
2016/04/09 07:51:34.43,0.1,40.8253,14.1350,1.69,Revisionato
2016/04/20 08:42:24.61,-0.3,40.8233,14.1438,0.40,Revisionato
2016/04/20 08:44:22.97,-0.3,40.8223,14.1433,0.15,Revisionato
2016/04/26 02:09:38.85,-1.0,40.8205,14.1425,1.03,Revisionato
2016/04/26 02:09:42.00,-0.3,40.8247,14.1427,0.63,Revisionato
2016/04/26 02:10:7.21,0.1,40.8280,14.1413,0.98,Revisionato
2016/04/26 04:42:45.30,-0.3,40.8220,14.1438,0.15,Revisionato
2016/04/28 23:20:51.97,-0.3,40.8223,14.1443,0.27,Revisionato
2016/04/28 23:21:19.57,-1.0,40.8227,14.1438,0.46,Revisionato
2016/04/28 23:21:22.12,-0.8,40.8237,14.1438,0.57,Revisionato
2016/04/28 23:21:33.01,-0.8,40.8220,14.1435,0.14,Revisionato
2016/05/02 12:26:4.96,-0.5,40.8220,14.1303,1.83,Revisionato
2016/05/02 12:49:41.98,-0.1,40.8220,14.1310,1.82,Revisionato
2016/05/03 21:14:25.47,0.6,40.8263,14.1382,1.78,Revisionato
2016/05/04 13:02:12.33,-0.5,40.8228,14.1335,2.20,Revisionato
2016/05/05 03:33:28.09,-0.1,40.8237,14.1342,1.80,Revisionato
2016/05/06 19:33:45.12,-0.3,40.8242,14.1427,0.90,Revisionato
2016/05/07 06:56:37.66,-0.1,40.8313,14.1420,1.57,Revisionato
2016/05/18 00:11:46.71,0.6,40.8287,14.1432,1.29,Revisionato
2016/05/18 23:09:21.43,0.1,40.8282,14.1478,1.71,Revisionato
2016/05/18 23:16:27.96,-0.3,40.8277,14.1472,1.65,Revisionato
2016/05/21 08:44:56.92,-0.1,40.8243,14.1422,0.88,Revisionato
2016/05/27 15:39:17.95,-0.3,40.8273,14.1402,1.26,Revisionato
2016/05/27 15:44:44.99,-0.1,40.8263,14.1428,1.56,Revisionato
2016/05/30 20:40:5.07,-0.3,40.8265,14.1253,1.41,Revisionato
2016/06/03 19:09:46.18,0.4,40.8203,14.1350,1.34,Revisionato
2016/06/03 21:44:17.46,0.8,40.8227,14.1308,1.11,Revisionato
2016/06/04 02:38:52.99,1.5,40.8217,14.1342,2.27,Revisionato
2016/06/04 02:45:58.83,1.6,40.8242,14.1313,2.12,Revisionato
2016/06/04 04:26:13.72,0.2,40.8222,14.1323,1.40,Revisionato
2016/06/10 08:32:32.18,0.5,40.8062,14.0990,4.08,Revisionato
2016/06/14 12:36:59.72,-0.3,40.8252,14.1463,0.83,Revisionato
2016/06/20 21:08:52.20,-1.0,40.8263,14.1442,0.84,Revisionato
2016/06/24 21:53:32.84,-0.1,40.8315,14.1402,1.11,Revisionato
2016/06/24 21:53:43.04,-0.3,40.8283,14.1450,1.74,Revisionato
2016/06/27 19:58:17.39,-0.5,40.8257,14.1300,1.12,Revisionato
2016/06/30 18:44:17.22,-0.3,40.8245,14.1425,0.46,Revisionato
2016/06/30 18:46:2.72,-0.8,40.8227,14.1462,0.82,Revisionato
2016/07/03 00:23:41.84,0.1,40.8248,14.1163,1.76,Revisionato
2016/07/03 00:25:51.07,0.1,40.8248,14.1165,1.69,Revisionato
2016/07/03 00:30:8.80,-0.3,40.8228,14.1165,1.53,Revisionato
2016/07/03 02:34:12.91,0.8,40.8262,14.1170,1.78,Revisionato
2016/07/03 02:42:54.82,0.1,40.8228,14.1143,1.51,Revisionato
2016/07/03 02:44:38.11,-0.8,40.8228,14.1158,1.55,Revisionato
2016/07/03 02:46:26.96,0.7,40.8265,14.1203,1.67,Revisionato
2016/07/03 03:12:4.21,0.2,40.8262,14.1152,1.24,Revisionato
2016/07/03 05:20:41.68,0.2,40.8253,14.1158,1.81,Revisionato
2016/07/05 01:22:39.73,2.1,40.8275,14.1372,2.17,Revisionato
2016/07/05 02:33:2.66,0.5,40.8257,14.1322,2.21,Revisionato
2016/07/05 13:50:33.71,-0.1,40.8272,14.1312,1.51,Revisionato
2016/07/05 21:21:21.18,-0.8,40.8270,14.1315,1.23,Revisionato
2016/07/05 21:24:49.90,-0.3,40.8293,14.1315,1.56,Revisionato
2016/07/06 12:19:5.52,0.2,40.8455,14.1167,2.43,Revisionato
2016/07/06 12:42:52.11,-1.0,40.8213,14.1448,1.16,Revisionato
2016/07/06 12:42:57.34,-0.8,40.8235,14.1423,0.70,Revisionato
2016/07/06 13:25:0.69,0.6,40.8238,14.1457,0.88,Revisionato
2016/07/08 20:49:16.75,-0.3,40.8288,14.1452,1.38,Revisionato
2016/07/12 04:27:48.21,0.1,40.8278,14.1355,1.16,Revisionato
2016/07/14 00:39:1.47,-0.3,40.8268,14.1298,1.43,Revisionato
2016/07/15 15:24:35.76,0.2,40.8262,14.1415,1.12,Revisionato
2016/07/18 08:37:9.97,-0.3,40.8217,14.1365,1.89,Revisionato
2016/07/21 07:21:23.12,-0.3,40.8272,14.1412,0.97,Revisionato
2016/07/21 07:22:21.34,-1.0,40.8245,14.1443,0.70,Revisionato
2016/07/21 07:22:24.18,-0.3,40.8250,14.1442,0.78,Revisionato
2016/07/21 07:24:40.92,-0.8,40.8238,14.1470,0.97,Revisionato
2016/07/21 07:25:32.09,-1.0,40.8248,14.1463,0.76,Revisionato
2016/07/23 05:01:48.64,-0.3,40.8275,14.1448,1.19,Revisionato
2016/07/23 05:14:36.24,-0.1,40.8283,14.1402,1.20,Revisionato
2016/07/28 16:37:7.65,0.7,40.8423,14.1187,1.50,Revisionato
2016/07/31 22:38:41.92,-0.5,40.8228,14.1243,1.74,Revisionato
2016/08/05 17:05:44.53,-0.3,40.8133,14.1413,2.27,Revisionato
2016/08/05 17:43:10.69,0.4,40.8138,14.1415,2.66,Revisionato
2016/08/06 00:38:7.32,-0.1,40.8158,14.1420,2.65,Revisionato
2016/08/08 00:08:52.95,-0.5,40.8227,14.1467,1.28,Revisionato
2016/08/08 00:09:14.75,-0.1,40.8253,14.1487,1.59,Revisionato
2016/08/08 00:09:36.46,-0.5,40.8268,14.1440,1.32,Revisionato
2016/08/14 00:57:9.96,0.7,40.8188,14.1750,2.86,Revisionato
2016/08/15 04:28:54.74,-0.1,40.8205,14.1222,0.75,Revisionato
2016/08/15 04:43:7.18,0.4,40.8203,14.1203,0.78,Revisionato
2016/08/16 01:51:32.25,-0.8,40.8183,14.1203,0.66,Revisionato
2016/08/16 01:51:53.14,-0.1,40.8207,14.1245,0.83,Revisionato
2016/08/17 04:36:27.18,0.1,40.8228,14.1223,0.87,Revisionato
2016/08/21 11:40:23.27,-1.0,40.8228,14.1203,0.55,Revisionato
2016/08/23 02:00:46.70,1.5,40.8215,14.1370,0.89,Revisionato
2016/08/23 02:15:0.50,1.4,40.8215,14.1380,1.61,Revisionato
2016/08/23 02:16:37.38,1.1,40.8203,14.1378,1.23,Revisionato
2016/08/23 02:21:34.04,0.9,40.8220,14.1382,1.29,Revisionato
2016/08/23 02:22:57.20,1.5,40.8203,14.1395,1.57,Revisionato
2016/08/23 03:06:49.35,1.1,40.8213,14.1398,1.67,Revisionato
2016/08/24 03:07:7.43,-0.5,40.8188,14.1372,0.59,Revisionato
2016/08/24 03:07:25.60,0.4,40.8208,14.1363,0.81,Revisionato
2016/08/29 15:22:48.09,-0.1,40.8250,14.1453,1.97,Revisionato
2016/08/29 15:25:22.42,0.1,40.8238,14.1442,1.78,Revisionato
2016/08/29 15:30:20.39,0.4,40.8263,14.1448,1.81,Revisionato
2016/08/29 15:31:15.30,0.7,40.8237,14.1487,2.03,Revisionato
2016/08/29 15:33:18.76,0.7,40.8267,14.1502,2.24,Revisionato
2016/08/29 15:33:59.86,0.6,40.8263,14.1445,1.83,Revisionato
2016/08/29 15:35:14.28,0.1,40.8237,14.1477,2.25,Revisionato
2016/08/29 15:35:26.00,-0.1,40.8242,14.1490,1.67,Revisionato
2016/08/29 15:37:22.35,0.5,40.8240,14.1487,1.70,Revisionato
2016/08/29 15:38:30.45,-0.1,40.8253,14.1517,1.80,Revisionato
2016/08/29 15:41:44.13,-0.1,40.8278,14.1457,1.72,Revisionato
2016/08/29 15:43:42.62,0.4,40.8313,14.1452,1.74,Revisionato
2016/08/29 15:45:4.67,0.1,40.8257,14.1517,1.81,Revisionato
2016/08/29 15:45:40.55,1.7,40.8280,14.1530,1.86,Revisionato
2016/08/29 15:46:22.62,0.6,40.8263,14.1467,1.73,Revisionato
2016/08/29 15:51:12.35,0.2,40.8242,14.1418,1.57,Revisionato
2016/08/29 16:00:1.03,-0.1,40.8250,14.1453,1.78,Revisionato
2016/09/12 02:10:32.89,-0.1,40.8335,14.1458,1.51,Revisionato
2016/09/14 03:41:31.21,0.4,40.8247,14.1442,1.45,Revisionato
2016/09/18 01:53:18.02,0.1,40.8267,14.1437,0.77,Revisionato
2016/09/23 00:02:13.20,-0.8,40.8237,14.1438,0.59,Revisionato
2016/09/25 04:43:58.85,0.9,40.8262,14.1388,1.11,Revisionato
2016/09/27 21:34:51.05,-1.0,40.8315,14.1402,0.95,Revisionato
2016/09/27 21:48:23.96,-0.5,40.8290,14.1402,1.60,Revisionato
2016/10/13 00:54:3.46,-0.3,40.8247,14.1402,0.91,Revisionato
2016/10/19 10:54:13.45,0.8,40.8245,14.1415,0.86,Revisionato
2016/10/22 05:14:49.86,0.6,40.8262,14.1427,1.13,Revisionato
2016/10/30 06:52:46.26,-0.5,40.8198,14.1313,1.08,Revisionato
2016/10/30 06:54:32.50,0.5,40.8212,14.1327,1.48,Revisionato
2016/10/30 06:54:44.97,-0.1,40.8213,14.1300,1.68,Revisionato
2016/10/30 06:56:53.71,1.1,40.8205,14.1320,1.64,Revisionato
2016/10/30 07:04:31.72,1.2,40.8203,14.1332,1.43,Revisionato
2016/10/30 20:29:50.01,0.9,40.8228,14.1313,1.56,Revisionato
2016/11/07 09:30:14.30,0.4,40.8297,14.1442,1.32,Revisionato
2016/11/18 02:49:58.11,-0.3,40.8222,14.1457,0.83,Revisionato
2016/12/06 04:17:33.78,-1.0,40.8235,14.1433,0.62,Revisionato
2016/12/06 04:18:22.03,-0.3,40.8240,14.1407,1.01,Revisionato
2016/12/06 04:20:44.28,-0.5,40.8227,14.1470,0.61,Revisionato
2016/12/08 16:51:3.85,-0.5,40.8252,14.1450,1.64,Revisionato
2016/12/15 08:12:0.00,-0.8,40.8282,14.1417,0.75,Revisionato
2017/01/16 04:18:12.64,-1.0,40.8315,14.1353,1.53,Revisionato
2017/01/24 22:59:56.58,0.4,40.8190,14.1338,0.89,Revisionato
2017/02/08 04:00:1.65,0.2,40.8235,14.1378,1.57,Revisionato
2017/02/15 20:44:39.14,-0.5,40.8227,14.1467,0.47,Revisionato
2017/02/21 18:40:41.67,-1.0,40.8283,14.1413,0.82,Revisionato
2017/02/26 00:29:6.46,-0.8,40.8245,14.1427,0.80,Revisionato
2017/02/26 00:32:26.72,-0.3,40.8240,14.1448,0.78,Revisionato
2017/03/24 22:17:9.40,-0.3,40.8282,14.1327,1.74,Revisionato
2017/03/24 22:21:0.24,-0.5,40.8252,14.1332,0.91,Revisionato
2017/03/24 22:22:35.72,0.2,40.8267,14.1305,0.95,Revisionato
2017/03/24 22:40:6.26,0.1,40.8263,14.1310,1.49,Revisionato
2017/03/24 22:43:45.20,0.5,40.8272,14.1308,1.15,Revisionato
2017/03/25 03:04:44.32,0.1,40.8273,14.1355,1.64,Revisionato
2017/04/19 09:53:18.89,0.2,40.8253,14.1412,0.91,Revisionato
2017/04/23 22:25:18.52,0.1,40.8310,14.1422,0.72,Revisionato
2017/05/08 06:48:22.54,0.1,40.8278,14.1410,1.50,Revisionato
2017/05/09 00:08:0.42,0.4,40.8262,14.1413,1.39,Revisionato
2017/05/09 00:08:40.07,-0.5,40.8283,14.1415,1.08,Revisionato
2017/05/09 00:10:52.24,-1.0,40.8292,14.1387,1.26,Revisionato
2017/05/09 00:10:55.35,0.1,40.8292,14.1440,1.29,Revisionato
2017/06/14 14:00:18.68,0.4,40.8282,14.1418,1.04,Revisionato
2017/06/14 14:12:59.81,-0.1,40.8272,14.1408,1.18,Revisionato
2017/06/21 05:21:15.19,-0.3,40.8203,14.1400,1.08,Revisionato
2017/07/01 07:59:2.11,0.4,40.8407,14.1347,1.49,Revisionato
2017/07/01 07:59:49.04,-0.1,40.8378,14.1342,1.07,Revisionato
2017/07/01 13:30:43.18,-0.1,40.8370,14.1363,1.60,Revisionato
2017/07/16 02:30:5.37,0.1,40.8217,14.1348,1.18,Revisionato
2017/07/16 02:31:0.28,-0.1,40.8212,14.1332,1.07,Revisionato
2017/07/17 17:14:26.36,0.7,40.8243,14.1435,0.83,Revisionato
2017/07/17 17:20:29.36,0.1,40.8230,14.1467,0.59,Revisionato
2017/07/20 14:57:30.80,-0.5,40.8375,14.1443,1.05,Revisionato
2017/07/28 12:59:53.16,0.4,40.8203,14.1383,1.56,Revisionato
2017/07/28 19:21:37.47,-0.1,40.8248,14.1403,0.53,Revisionato
2017/07/28 19:30:16.83,-0.5,40.8237,14.1420,0.91,Revisionato
2017/08/05 01:03:38.04,0.4,40.8240,14.1440,0.53,Revisionato
2017/08/05 01:04:22.32,-0.5,40.8227,14.1448,0.57,Revisionato
2017/08/05 01:08:32.39,-0.5,40.8235,14.1450,0.28,Revisionato
2017/08/17 02:02:57.94,-0.8,40.8257,14.1423,0.68,Revisionato
2017/08/29 23:31:40.27,-0.1,40.8260,14.1445,0.56,Revisionato
2017/09/13 10:11:51.00,0.4,40.8278,14.1362,1.14,Revisionato
2017/09/13 10:22:56.70,-0.3,40.8268,14.1350,1.17,Revisionato
2017/09/13 10:25:45.56,-0.8,40.8315,14.1360,1.37,Revisionato
2017/09/13 10:26:47.75,-0.3,40.8247,14.1348,1.29,Revisionato
2017/09/21 03:42:8.96,0.6,40.8280,14.1445,1.40,Revisionato
2017/09/26 14:01:15.39,-0.3,40.8273,14.1517,1.78,Revisionato
2017/09/26 14:03:20.93,0.7,40.8270,14.1538,1.80,Revisionato
2017/09/26 14:06:1.56,-0.8,40.8255,14.1460,1.74,Revisionato
2017/09/26 14:06:8.56,0.7,40.8272,14.1517,2.09,Revisionato
2017/09/26 14:08:55.20,0.7,40.8280,14.1517,2.43,Revisionato
2017/09/26 14:10:54.48,0.6,40.8268,14.1535,2.25,Revisionato
2017/09/26 14:13:2.41,0.7,40.8290,14.1562,2.28,Revisionato
2017/09/26 14:16:3.66,0.9,40.8277,14.1575,1.78,Revisionato
2017/09/26 14:17:44.03,0.8,40.8278,14.1557,1.99,Revisionato
2017/09/26 14:19:9.13,0.8,40.8282,14.1572,2.13,Revisionato
2017/09/26 14:24:59.79,0.8,40.8282,14.1560,2.23,Revisionato
2017/09/28 15:28:4.11,0.2,40.8218,14.1527,1.45,Revisionato
2017/09/28 15:33:58.59,0.2,40.8237,14.1458,1.36,Revisionato
2017/09/28 15:34:34.47,0.7,40.8280,14.1480,1.84,Revisionato
2017/09/28 15:36:30.31,0.1,40.8250,14.1487,1.47,Revisionato
2017/09/28 15:36:54.43,0.1,40.8248,14.1498,1.43,Revisionato
2017/09/28 15:46:14.42,0.7,40.8275,14.1487,1.82,Revisionato
2017/09/28 15:48:20.74,0.8,40.8278,14.1467,1.78,Revisionato
2017/09/28 15:54:38.29,0.9,40.8272,14.1472,1.98,Revisionato
2017/10/03 22:17:29.17,0.6,40.8240,14.1272,1.64,Revisionato
2017/10/04 12:23:17.11,0.1,40.8288,14.1285,1.20,Revisionato
2017/10/04 12:37:22.16,0.6,40.8383,14.1270,1.50,Revisionato
2017/10/16 01:27:10.62,0.4,40.8215,14.1435,0.59,Revisionato
2017/10/16 01:33:40.07,0.6,40.8248,14.1420,1.09,Revisionato
2017/10/18 18:16:4.47,0.2,40.8427,14.1695,2.00,Revisionato
2017/10/18 19:19:23.30,0.5,40.8495,14.1608,1.39,Revisionato
2017/10/19 01:05:8.18,0.4,40.8427,14.1673,2.21,Revisionato
2017/10/24 08:55:8.41,0.4,40.8228,14.1292,1.29,Revisionato
2017/10/25 18:19:27.15,-0.1,40.8247,14.1320,2.20,Revisionato
2017/10/25 19:50:38.72,-0.5,40.8228,14.1312,1.73,Revisionato
2017/10/25 20:17:38.40,1.3,40.8237,14.1300,1.18,Revisionato
2017/10/25 21:54:37.58,0.5,40.8217,14.1320,0.98,Revisionato
2017/10/25 22:01:32.52,0.2,40.8210,14.1335,1.76,Revisionato
2017/10/25 22:48:24.45,0.5,40.8202,14.1322,1.64,Revisionato
2017/10/25 23:13:41.66,0.2,40.8213,14.1313,1.67,Revisionato
2017/10/29 23:24:55.55,-0.3,40.8252,14.1435,0.81,Revisionato
2017/10/30 09:03:31.46,0.2,40.8228,14.1268,1.00,Revisionato
2017/11/08 21:45:11.41,-1.0,40.8247,14.1433,0.80,Revisionato
2017/11/15 09:57:35.47,-0.3,40.8360,14.1685,1.57,Revisionato
2017/11/16 02:23:33.90,-0.5,40.8240,14.1383,0.63,Revisionato
2017/11/16 02:23:39.49,0.2,40.8292,14.1412,1.41,Revisionato
2017/11/16 07:44:21.23,-1.0,40.8347,14.1422,1.17,Revisionato
2017/11/16 07:46:7.39,-0.8,40.8218,14.1372,0.96,Revisionato
2017/11/16 08:13:55.76,-1.0,40.8315,14.1397,0.60,Revisionato
2017/11/16 08:14:14.02,-0.5,40.8308,14.1430,1.04,Revisionato
2017/11/16 08:31:25.98,1.3,40.8383,14.1402,1.04,Revisionato
2017/11/16 08:32:56.04,0.2,40.8272,14.1423,1.29,Revisionato
2017/11/16 08:35:7.31,0.2,40.8292,14.1400,1.46,Revisionato
2017/11/16 08:38:33.61,-0.5,40.8218,14.1480,1.09,Revisionato
2017/11/16 12:31:12.94,0.5,40.8362,14.1390,1.40,Revisionato
2017/11/23 19:51:24.92,-0.3,40.8225,14.1413,0.65,Revisionato
2017/11/29 23:54:11.42,-1.0,40.8300,14.1452,0.41,Revisionato
2017/11/29 23:54:14.53,-0.1,40.8247,14.1435,0.67,Revisionato
2017/12/04 17:33:2.40,-0.3,40.8237,14.1345,1.38,Revisionato
2017/12/04 17:33:10.66,-1.0,40.8222,14.1385,1.30,Revisionato
2017/12/05 15:01:54.42,1.2,40.8217,14.1360,0.79,Revisionato
2017/12/05 15:07:49.08,0.5,40.8250,14.1375,1.67,Revisionato
2017/12/05 15:10:27.78,0.6,40.8252,14.1340,1.48,Revisionato
2017/12/05 15:29:7.10,0.7,40.8238,14.1377,1.48,Revisionato
2017/12/05 20:10:59.98,0.5,40.8252,14.1362,1.42,Revisionato
2017/12/06 08:17:43.74,-0.5,40.8253,14.1442,1.00,Revisionato
2017/12/07 22:57:38.49,-0.8,40.8263,14.1425,1.12,Revisionato
2017/12/07 22:58:6.01,-0.3,40.8233,14.1422,1.11,Revisionato
2017/12/14 18:52:58.64,-0.3,40.8248,14.1415,0.83,Revisionato
2017/12/14 18:53:5.91,-0.8,40.8232,14.1430,0.82,Revisionato
2017/12/14 18:53:40.13,-1.0,40.8280,14.1437,0.80,Revisionato
2017/12/16 09:46:29.26,-1.0,40.8245,14.1423,0.62,Revisionato
2017/12/20 00:57:47.02,1.3,40.8365,14.1360,1.92,Revisionato
2017/12/20 01:00:20.51,0.4,40.8402,14.1340,1.22,Revisionato
2017/12/20 01:38:22.39,1.4,40.8380,14.1355,1.77,Revisionato
2017/12/22 16:31:57.45,0.6,40.8313,14.1437,1.47,Revisionato
2017/12/23 14:06:30.65,-0.1,40.8287,14.1425,1.23,Revisionato
2017/12/24 05:56:52.65,0.4,40.8240,14.1402,0.81,Revisionato
2017/12/26 00:35:20.68,-0.3,40.8242,14.1395,0.91,Revisionato
2017/12/26 00:39:19.21,0.1,40.8237,14.1392,0.70,Revisionato
2018/01/03 13:36:31.50,-0.8,40.8293,14.1400,0.83,Revisionato
2018/01/03 13:36:57.64,-0.3,40.8253,14.1402,1.15,Revisionato
2018/01/03 13:41:1.37,-0.1,40.8260,14.1367,1.28,Revisionato
2018/01/03 13:43:44.04,-0.5,40.8237,14.1402,0.79,Revisionato
2018/01/07 20:03:46.51,-0.5,40.8228,14.1347,1.50,Revisionato
2018/01/07 22:52:53.78,-0.3,40.8233,14.1337,1.30,Revisionato
2018/01/11 00:17:29.32,0.1,40.8398,14.1460,1.54,Revisionato
2018/01/15 20:52:35.76,-0.3,40.8212,14.1348,1.38,Revisionato
2018/01/15 20:53:20.68,-0.1,40.8252,14.1323,1.50,Revisionato
2018/01/15 21:00:14.05,0.5,40.8255,14.1378,2.07,Revisionato
2018/01/15 22:04:36.57,0.5,40.8263,14.1322,1.28,Revisionato
2018/01/15 22:06:30.27,0.7,40.8267,14.1302,0.82,Revisionato
2018/01/15 22:07:33.69,0.4,40.8252,14.1318,0.97,Revisionato
2018/01/15 22:15:11.37,0.6,40.8278,14.1298,1.07,Revisionato
2018/01/15 22:26:36.79,0.9,40.8257,14.1308,0.92,Revisionato
2018/01/16 00:09:22.86,0.8,40.8268,14.1293,1.09,Revisionato
2018/01/22 06:59:13.10,0.6,40.8240,14.1403,1.13,Revisionato
2018/01/23 08:48:55.82,0.1,40.8262,14.1453,1.21,Revisionato
2018/01/23 23:06:21.01,0.7,40.8210,14.1360,1.51,Revisionato
2018/01/23 23:06:31.59,0.5,40.8203,14.1365,1.50,Revisionato
2018/01/26 05:01:15.49,-0.8,40.8262,14.1435,0.61,Revisionato
2018/01/26 06:17:12.71,-0.1,40.8238,14.1498,0.60,Revisionato
2018/01/27 10:30:7.56,0.2,40.8253,14.1440,1.33,Revisionato
2018/01/27 10:33:9.00,1.0,40.8275,14.1450,1.24,Revisionato
2018/01/27 10:33:40.11,0.2,40.8267,14.1468,1.09,Revisionato
2018/01/27 10:36:39.72,1.2,40.8318,14.1437,1.52,Revisionato
2018/01/27 10:49:24.34,0.1,40.8275,14.1460,0.77,Revisionato
2018/01/29 02:00:49.53,0.2,40.8228,14.1420,0.85,Revisionato
2018/01/31 02:26:55.70,-0.5,40.8238,14.1452,0.47,Revisionato
2018/01/31 02:27:3.68,-0.5,40.8232,14.1427,0.65,Revisionato
2018/01/31 02:27:5.96,-0.3,40.8235,14.1412,0.68,Revisionato
2018/01/31 02:27:13.24,-0.8,40.8238,14.1458,0.57,Revisionato
2018/02/04 17:56:56.35,0.6,40.8187,14.1362,1.41,Revisionato
2018/02/05 04:18:49.60,-0.1,40.8187,14.1367,0.85,Revisionato
2018/02/05 04:19:10.95,0.7,40.8203,14.1323,0.88,Revisionato
2018/02/05 04:56:35.63,0.4,40.8195,14.1333,0.73,Revisionato
2018/02/05 05:34:23.02,0.7,40.8188,14.1342,0.75,Revisionato
2018/02/05 09:43:35.35,-0.3,40.8195,14.1338,0.83,Revisionato
2018/02/05 11:04:12.60,0.2,40.8192,14.1340,1.01,Revisionato
2018/02/05 23:18:30.62,0.1,40.8203,14.1323,1.21,Revisionato
2018/02/12 20:35:5.46,-0.5,40.8228,14.1315,1.22,Revisionato
2018/02/12 20:35:32.90,-0.8,40.8228,14.1335,1.27,Revisionato
2018/02/12 20:37:0.15,-0.5,40.8252,14.1307,1.13,Revisionato
2018/02/12 20:37:53.84,-0.8,40.8250,14.1300,0.97,Revisionato
2018/02/16 01:44:7.68,-0.1,40.8230,14.1475,1.35,Revisionato
2018/02/19 10:40:47.64,-0.5,40.8272,14.1423,0.66,Revisionato
2018/02/19 10:40:50.21,-0.3,40.8273,14.1425,0.59,Revisionato
2018/02/19 10:44:28.01,-0.5,40.8292,14.1427,0.80,Revisionato
2018/02/19 19:52:58.66,-0.1,40.8207,14.1517,0.71,Revisionato
2018/02/22 06:12:6.47,-0.3,40.8243,14.1422,1.30,Revisionato
2018/02/23 11:21:22.35,-0.5,40.8248,14.1422,0.67,Revisionato
2018/02/28 03:42:53.43,-0.3,40.8223,14.1418,0.94,Revisionato
2018/03/12 13:34:57.03,0.4,40.8255,14.1473,1.47,Revisionato
2018/03/12 13:35:53.95,0.8,40.8268,14.1497,1.73,Revisionato
2018/03/12 13:37:15.99,1.0,40.8270,14.1492,1.58,Revisionato
2018/03/12 13:38:34.29,0.9,40.8308,14.1443,1.84,Revisionato
2018/03/12 13:40:46.22,1.1,40.8280,14.1478,2.12,Revisionato
2018/03/12 13:41:23.02,1.4,40.8308,14.1470,2.18,Revisionato
2018/03/12 13:42:42.24,0.6,40.8267,14.1517,1.66,Revisionato
2018/03/12 13:45:36.14,1.3,40.8258,14.1517,1.74,Revisionato
2018/03/12 13:47:42.71,0.8,40.8282,14.1460,1.84,Revisionato
2018/03/12 13:50:12.99,1.4,40.8308,14.1487,2.37,Revisionato
2018/03/12 13:54:52.82,1.0,40.8292,14.1458,1.74,Revisionato
2018/03/12 13:58:5.64,1.8,40.8327,14.1448,2.42,Revisionato
2018/03/12 14:06:14.97,0.6,40.8263,14.1453,1.64,Revisionato
2018/03/12 14:09:6.39,2.4,40.8313,14.1463,2.57,Revisionato
2018/03/12 14:11:21.12,0.4,40.8245,14.1438,1.51,Revisionato
2018/03/12 14:21:37.85,0.4,40.8278,14.1442,1.81,Revisionato
2018/03/12 14:24:40.19,-0.1,40.8287,14.1517,1.38,Revisionato
2018/03/12 14:25:37.89,-0.8,40.8313,14.1517,1.17,Revisionato
2018/03/12 14:25:42.96,1.2,40.8283,14.1583,1.29,Revisionato
2018/03/12 14:34:18.50,0.4,40.8265,14.1495,1.71,Revisionato
2018/03/12 14:39:41.34,0.7,40.8248,14.1492,1.80,Revisionato
2018/03/12 14:44:29.02,0.9,40.8287,14.1490,2.01,Revisionato
2018/03/12 14:57:9.20,-0.5,40.8313,14.1517,1.27,Revisionato
2018/03/12 14:57:22.60,-0.5,40.8313,14.1517,1.13,Revisionato
2018/03/12 14:58:59.87,1.3,40.8290,14.1428,2.00,Revisionato
2018/03/12 15:03:13.07,0.5,40.8272,14.1517,1.78,Revisionato
2018/03/12 15:12:46.62,1.4,40.8313,14.1488,2.14,Revisionato
2018/03/12 15:22:1.50,-0.1,40.8273,14.1517,2.17,Revisionato
2018/03/21 00:59:30.33,1.0,40.8268,14.1428,0.81,Revisionato
2018/03/21 01:29:25.87,-0.5,40.8272,14.1435,0.90,Revisionato
2018/03/21 01:29:33.20,0.2,40.8265,14.1425,0.91,Revisionato
2018/03/21 01:38:33.15,-0.1,40.8278,14.1447,0.88,Revisionato
2018/03/22 06:52:55.49,-0.5,40.8272,14.1433,0.84,Revisionato
2018/03/22 06:53:0.05,-0.1,40.8297,14.1432,0.76,Revisionato
2018/03/22 06:55:42.42,-0.8,40.8288,14.1415,0.49,Revisionato
2018/03/22 06:56:26.41,-0.3,40.8273,14.1435,0.48,Revisionato
2018/03/22 06:59:57.77,0.2,40.8245,14.1437,0.66,Revisionato
2018/03/22 07:00:40.90,-0.5,40.8280,14.1427,0.95,Revisionato
2018/03/22 13:44:51.44,-1.0,40.8245,14.1457,0.57,Revisionato
2018/03/29 21:28:35.54,0.4,40.8283,14.1428,1.15,Revisionato
2018/03/31 11:31:41.05,0.8,40.8228,14.1517,1.42,Revisionato
2018/04/05 02:43:38.10,0.1,40.8230,14.1448,0.79,Revisionato
2018/04/06 18:24:8.53,-0.5,40.8315,14.1423,0.49,Revisionato
2018/04/07 06:57:29.40,0.2,40.8255,14.1432,1.09,Revisionato
2018/04/17 05:52:41.91,-0.3,40.8315,14.1348,1.53,Revisionato
2018/04/17 05:58:21.14,-0.8,40.8315,14.1307,1.61,Revisionato
2018/04/17 17:05:31.82,-0.3,40.8258,14.1420,1.37,Revisionato
2018/04/17 17:47:20.50,0.2,40.8292,14.1408,1.17,Revisionato
2018/04/19 04:34:51.77,-0.8,40.8230,14.1458,1.37,Revisionato
2018/04/21 04:26:17.33,1.7,40.8273,14.1400,0.92,Revisionato
2018/04/26 12:16:49.23,0.9,40.8297,14.1292,1.80,Revisionato
2018/04/26 12:44:41.51,1.0,40.8302,14.1280,1.73,Revisionato
2018/04/26 12:45:0.12,0.2,40.8343,14.1212,1.82,Revisionato
2018/04/26 13:03:16.86,0.6,40.8305,14.1277,1.71,Revisionato
2018/04/26 13:09:21.74,0.4,40.8277,14.1297,1.70,Revisionato
2018/04/26 16:00:53.24,1.2,40.8298,14.1295,1.82,Revisionato
2018/05/02 10:47:54.05,0.2,40.8245,14.1428,1.57,Revisionato
2018/05/04 19:38:44.45,-0.5,40.8272,14.1422,0.66,Revisionato
2018/05/07 18:49:4.45,-0.1,40.8410,14.1433,1.08,Revisionato
2018/05/07 18:57:14.84,0.2,40.8428,14.1413,1.00,Revisionato
2018/05/26 19:08:26.56,1.1,40.8353,14.1115,1.71,Revisionato
2018/05/30 19:05:38.10,-0.3,40.8223,14.1417,0.73,Revisionato
2018/06/10 01:43:6.59,0.2,40.8250,14.1652,0.66,Revisionato
2018/06/10 02:57:26.41,0.5,40.8313,14.1612,0.95,Revisionato
2018/06/10 07:14:6.33,0.4,40.8313,14.1605,1.19,Revisionato
2018/06/14 21:57:37.03,1.5,40.8233,14.1417,0.72,Revisionato
2018/06/14 21:58:3.69,-0.5,40.8230,14.1418,0.50,Revisionato
2018/06/14 21:59:3.86,0.2,40.8238,14.1418,0.49,Revisionato
2018/06/14 22:13:24.07,1.1,40.8230,14.1395,0.57,Revisionato
2018/06/15 20:32:15.72,-0.8,40.8255,14.1450,0.91,Revisionato
2018/06/19 08:01:52.48,-0.3,40.8232,14.1385,1.31,Revisionato
2018/06/19 08:05:50.67,-0.5,40.8218,14.1392,1.07,Revisionato
2018/06/19 08:31:38.98,-0.3,40.8227,14.1358,1.16,Revisionato
2018/06/25 16:08:30.02,1.1,40.8232,14.1362,0.73,Revisionato
2018/06/25 21:53:39.33,0.5,40.8315,14.1423,1.38,Revisionato
2018/06/25 21:53:55.36,0.1,40.8287,14.1402,1.02,Revisionato
2018/06/25 21:57:23.42,0.1,40.8260,14.1413,1.22,Revisionato
2018/06/25 21:57:32.93,0.1,40.8315,14.1427,1.35,Revisionato
2018/06/25 22:06:22.11,0.4,40.8298,14.1417,1.04,Revisionato
2018/06/25 22:26:1.90,-0.3,40.8257,14.1428,0.92,Revisionato
2018/06/28 02:47:26.62,-0.5,40.8235,14.1435,0.73,Revisionato
2018/06/28 02:47:49.13,0.6,40.8248,14.1443,1.23,Revisionato
2018/06/28 02:48:51.42,0.9,40.8225,14.1433,0.93,Revisionato
2018/06/28 10:37:57.07,-0.3,40.8223,14.1460,0.82,Revisionato
2018/06/29 17:30:9.40,0.5,40.8217,14.1357,1.09,Revisionato
2018/07/01 14:39:30.46,0.5,40.8208,14.1302,1.15,Revisionato
2018/07/03 11:54:23.08,0.5,40.8310,14.1407,1.32,Revisionato
2018/07/03 21:02:57.77,0.1,40.8198,14.1370,0.79,Revisionato
2018/07/08 07:44:7.31,0.1,40.8202,14.1337,1.21,Revisionato
2018/07/08 14:34:45.15,0.7,40.8217,14.1333,1.68,Revisionato
2018/07/08 14:59:8.48,0.4,40.8218,14.1325,1.20,Revisionato
2018/07/09 23:26:9.11,0.2,40.8182,14.1387,0.75,Revisionato
2018/07/10 00:17:45.58,0.4,40.8185,14.1378,0.74,Revisionato
2018/07/10 00:31:26.71,-0.3,40.8240,14.1427,0.97,Revisionato
2018/07/10 01:55:4.91,0.5,40.8190,14.1385,1.21,Revisionato
2018/07/10 01:55:29.71,0.1,40.8232,14.1350,1.56,Revisionato
2018/07/10 22:48:31.28,0.6,40.8387,14.1362,1.62,Revisionato
2018/07/12 20:03:40.09,-0.8,40.8263,14.1442,0.78,Revisionato
2018/07/13 05:13:11.46,-0.1,40.8192,14.1510,0.56,Revisionato
2018/07/14 00:39:37.75,-0.1,40.8307,14.1412,1.41,Revisionato
2018/07/16 00:15:58.60,-0.5,40.8257,14.1445,0.90,Revisionato
2018/07/26 03:40:27.84,-0.8,40.8233,14.1490,0.63,Revisionato
2018/07/29 08:52:22.99,0.9,40.8422,14.1258,1.64,Revisionato
2018/08/03 12:00:1.55,-0.3,40.8193,14.1495,1.82,Revisionato
2018/08/04 01:57:33.93,0.1,40.8273,14.1440,1.54,Revisionato
2018/08/04 02:05:26.38,-0.1,40.8258,14.1460,1.39,Revisionato
2018/08/05 04:49:51.92,0.4,40.8158,14.1685,2.79,Revisionato
2018/08/12 02:41:49.89,0.1,40.8245,14.1418,0.82,Revisionato
2018/08/17 13:37:25.11,0.1,40.8268,14.1350,0.80,Revisionato
2018/08/17 13:38:10.46,0.2,40.8260,14.1348,0.86,Revisionato
2018/08/17 13:40:24.29,0.1,40.8258,14.1337,1.15,Revisionato
2018/08/17 13:40:45.25,-0.3,40.8240,14.1342,1.42,Revisionato
2018/08/17 13:43:53.26,0.5,40.8322,14.1337,0.87,Revisionato
2018/08/17 13:44:4.70,0.2,40.8315,14.1367,0.88,Revisionato
2018/08/17 13:47:47.22,0.2,40.8315,14.1340,1.70,Revisionato
2018/08/17 14:01:8.87,0.2,40.8255,14.1350,1.10,Revisionato
2018/08/18 02:07:25.39,-0.3,40.8278,14.1430,1.00,Revisionato
2018/08/20 00:16:45.48,0.2,40.8243,14.1277,1.79,Revisionato
2018/08/20 00:26:43.31,0.5,40.8315,14.1285,1.59,Revisionato
2018/08/22 07:32:54.64,0.1,40.8377,14.1388,1.67,Revisionato
2018/08/24 21:28:32.29,-0.5,40.8223,14.1427,0.50,Revisionato
2018/08/25 22:51:41.41,-0.3,40.8242,14.1410,0.74,Revisionato
2018/09/03 12:32:3.60,0.4,40.8213,14.1483,0.93,Revisionato
2018/09/08 01:28:39.50,0.1,40.8272,14.1448,0.92,Revisionato
2018/09/15 09:23:56.11,1.6,40.8093,14.1438,2.88,Revisionato
2018/09/16 22:41:9.04,0.1,40.8228,14.1247,0.98,Revisionato
2018/09/18 21:36:41.94,2.5,40.8275,14.1480,2.32,Revisionato
2018/09/18 21:39:43.66,1.4,40.8290,14.1458,2.27,Revisionato
2018/09/19 01:25:11.77,0.4,40.8185,14.1537,0.62,Revisionato
2018/09/19 22:15:35.86,1.4,40.8240,14.1367,1.11,Revisionato
2018/09/20 00:23:30.88,0.2,40.8247,14.1460,1.00,Revisionato
2018/09/25 01:04:55.35,1.1,40.8258,14.1493,1.66,Revisionato
2018/09/25 23:30:41.56,-0.3,40.8237,14.1420,0.42,Revisionato
2018/09/25 23:33:36.06,-1.0,40.8257,14.1443,0.40,Revisionato
2018/09/25 23:34:26.32,-0.5,40.8270,14.1425,0.69,Revisionato
2018/09/28 06:31:35.03,-0.1,40.8315,14.1288,1.29,Revisionato
2018/09/28 06:32:54.08,0.7,40.8292,14.1347,2.60,Revisionato
2018/09/28 06:34:33.98,-0.3,40.8262,14.1315,0.53,Revisionato
2018/09/28 06:36:27.43,1.3,40.8277,14.1343,2.68,Revisionato
2018/09/28 06:37:43.80,-0.5,40.8225,14.1402,1.16,Revisionato
2018/09/28 06:45:6.72,-0.3,40.8268,14.1352,1.94,Revisionato
2018/09/28 06:50:51.25,0.7,40.8292,14.1382,2.22,Revisionato
2018/09/28 06:59:47.37,1.7,40.8275,14.1333,2.31,Revisionato
2018/09/28 07:25:6.86,0.8,40.8280,14.1390,2.22,Revisionato
2018/10/02 09:15:9.98,0.2,40.8205,14.1357,2.20,Revisionato
2018/10/06 10:54:34.37,0.4,40.8257,14.1420,1.02,Revisionato
2018/10/07 01:39:10.76,-0.1,40.8315,14.1332,1.59,Revisionato
2018/10/07 17:25:36.52,0.1,40.8245,14.1432,1.35,Revisionato
2018/10/07 21:22:46.02,0.2,40.8350,14.1343,1.39,Revisionato
2018/10/08 00:54:7.14,0.9,40.8228,14.1292,1.04,Revisionato
2018/10/08 00:56:12.05,1.2,40.8240,14.1290,1.41,Revisionato
2018/10/08 01:02:23.56,-0.3,40.8228,14.1317,1.26,Revisionato
2018/10/08 01:33:15.63,0.7,40.8268,14.1367,1.85,Revisionato
2018/10/08 01:34:45.49,1.4,40.8228,14.1338,1.70,Revisionato
2018/10/08 01:40:3.64,1.4,40.8260,14.1317,2.14,Revisionato
2018/10/08 05:19:53.80,0.8,40.8265,14.1347,2.08,Revisionato
2018/10/08 05:32:46.22,0.8,40.8248,14.1357,1.49,Revisionato
2018/10/08 06:45:1.11,0.2,40.8228,14.1315,1.42,Revisionato
2018/10/08 06:58:16.58,0.1,40.8228,14.1315,1.69,Revisionato
2018/10/08 22:19:52.96,0.7,40.8228,14.1275,1.20,Revisionato
2018/10/10 02:24:38.26,0.2,40.8218,14.1337,1.30,Revisionato
2018/10/10 03:38:16.48,-0.3,40.8228,14.1307,1.73,Revisionato
2018/10/11 14:40:50.02,-0.1,40.8270,14.1378,1.62,Revisionato
2018/10/11 14:53:0.25,-0.1,40.8240,14.1345,1.80,Revisionato
2018/10/12 04:15:22.59,0.1,40.8292,14.1417,1.67,Revisionato
2018/10/12 04:27:49.87,0.8,40.8368,14.1362,1.51,Revisionato
2018/10/12 04:28:26.23,0.5,40.8315,14.1370,1.74,Revisionato
2018/10/12 04:30:30.26,0.8,40.8388,14.1402,1.29,Revisionato
2018/10/12 04:30:37.67,0.9,40.8350,14.1427,1.41,Revisionato
2018/10/12 04:31:57.31,0.4,40.8372,14.1397,1.42,Revisionato
2018/10/12 04:38:37.87,0.1,40.8367,14.1402,1.42,Revisionato
2018/10/12 04:38:48.21,1.1,40.8352,14.1415,1.30,Revisionato
2018/10/12 07:43:34.90,2.0,40.8370,14.1350,1.77,Revisionato
2018/10/12 15:35:20.28,0.1,40.8315,14.1383,1.67,Revisionato
2018/10/13 12:16:36.23,0.5,40.8363,14.1368,1.47,Revisionato
2018/10/13 16:49:5.94,0.7,40.8408,14.1330,1.20,Revisionato
2018/10/13 16:54:17.59,0.6,40.8315,14.1340,1.48,Revisionato
2018/10/16 22:18:25.31,0.4,40.8292,14.1347,1.25,Revisionato
2018/10/16 22:18:50.77,0.6,40.8302,14.1367,1.46,Revisionato
2018/10/17 04:30:21.62,0.6,40.8282,14.1427,0.59,Revisionato
2018/10/17 17:15:1.99,-0.5,40.8315,14.1402,1.57,Revisionato
2018/10/17 17:15:15.83,-0.3,40.8255,14.1467,0.47,Revisionato
2018/10/21 02:59:30.63,0.5,40.8267,14.1260,0.79,Revisionato
2018/10/23 17:04:7.38,-0.5,40.8272,14.1445,0.67,Revisionato
2018/10/23 17:08:8.71,-1.0,40.8280,14.1443,0.70,Revisionato
2018/10/28 09:28:17.22,-0.8,40.8263,14.1440,0.82,Revisionato
2018/10/28 09:28:26.16,-1.0,40.8288,14.1442,0.65,Revisionato
2018/10/28 09:28:36.64,-0.3,40.8260,14.1438,0.69,Revisionato
2018/10/28 09:28:38.60,-0.5,40.8315,14.1433,0.55,Revisionato
2018/10/28 10:09:38.51,0.1,40.8267,14.1447,0.70,Revisionato
2018/11/05 05:49:34.22,-0.3,40.8305,14.1462,1.15,Revisionato
2018/11/06 18:05:22.28,-0.3,40.8310,14.1437,0.26,Revisionato
2018/11/06 20:06:42.73,-1.0,40.8295,14.1428,0.77,Revisionato
2018/11/12 19:14:22.25,-0.1,40.8235,14.1458,1.38,Revisionato
2018/11/12 20:58:0.08,-0.1,40.8313,14.1408,1.51,Revisionato
2018/11/12 21:06:29.48,0.1,40.8253,14.1457,1.58,Revisionato
2018/11/12 21:06:52.65,-0.1,40.8248,14.1432,1.28,Revisionato
2018/11/12 21:07:20.46,-0.5,40.8308,14.1468,1.20,Revisionato
2018/11/12 21:09:18.63,-0.5,40.8277,14.1452,1.22,Revisionato
2018/11/12 21:19:43.05,-0.3,40.8282,14.1440,1.34,Revisionato
2018/11/12 21:20:32.25,1.4,40.8275,14.1470,2.27,Revisionato
2018/11/12 21:20:44.12,0.8,40.8315,14.1440,1.08,Revisionato
2018/11/12 21:27:42.13,-0.5,40.8315,14.1377,1.26,Revisionato
2018/11/12 22:10:54.30,-0.5,40.8313,14.1453,1.13,Revisionato
2018/11/13 06:43:44.67,-1.0,40.8278,14.1422,0.82,Revisionato
2018/11/17 09:04:10.77,0.1,40.8277,14.1422,0.95,Revisionato
2018/11/18 09:07:14.28,0.6,40.8272,14.1412,1.14,Revisionato
2018/11/21 08:09:58.06,-0.3,40.8272,14.1427,1.20,Revisionato
2018/11/21 19:45:31.50,0.6,40.8272,14.1392,1.02,Revisionato
2018/12/07 11:39:15.94,-0.8,40.8265,14.1437,0.75,Revisionato
2018/12/08 00:28:34.27,-0.5,40.8255,14.1345,1.46,Revisionato
2018/12/08 00:40:18.46,0.8,40.8230,14.1335,1.23,Revisionato
2018/12/08 04:56:8.90,0.2,40.8228,14.1328,1.28,Revisionato
2018/12/11 04:39:52.47,0.1,40.8203,14.1408,1.03,Revisionato
2018/12/23 13:06:45.90,-0.3,40.8243,14.1443,0.56,Revisionato
2018/12/23 13:06:49.14,0.1,40.8247,14.1460,0.55,Revisionato
2018/12/24 23:45:49.55,-0.3,40.8237,14.1333,1.31,Revisionato
2018/12/26 04:11:13.83,0.1,40.8218,14.1363,0.79,Revisionato
2018/12/30 20:52:56.42,0.1,40.8225,14.1390,1.29,Revisionato
2018/12/30 21:14:5.33,0.4,40.8213,14.1340,1.12,Revisionato
2019/01/02 23:30:22.81,0.8,40.8220,14.1435,0.42,Revisionato
2019/01/02 23:30:39.43,0.6,40.8245,14.1422,0.55,Revisionato
2019/01/03 17:35:18.56,-0.5,40.8300,14.1428,1.29,Revisionato
2019/01/06 04:13:21.25,0.7,40.8377,14.1363,1.12,Revisionato
2019/01/06 04:14:12.23,0.5,40.8375,14.1385,1.06,Revisionato
2019/01/10 00:28:9.03,2.0,40.8460,14.1835,2.56,Revisionato
2019/01/13 23:16:1.55,0.2,40.8212,14.1372,0.88,Revisionato
2019/01/14 02:44:31.38,-0.3,40.8207,14.1367,0.65,Revisionato
2019/01/14 02:44:40.84,0.1,40.8223,14.1362,1.06,Revisionato
2019/01/14 05:44:7.93,0.1,40.8215,14.1427,0.85,Revisionato
2019/01/14 05:51:34.14,-0.1,40.8218,14.1370,1.06,Revisionato
2019/01/14 17:16:28.96,-0.3,40.8215,14.1395,1.18,Revisionato
2019/01/14 17:16:38.83,-0.1,40.8228,14.1357,1.30,Revisionato
2019/01/14 17:42:18.30,-0.3,40.8233,14.1368,1.10,Revisionato
2019/01/18 18:48:41.18,-0.1,40.8245,14.1443,0.61,Revisionato
2019/01/18 18:49:49.72,0.2,40.8240,14.1437,0.65,Revisionato
2019/01/18 18:49:57.78,-0.8,40.8258,14.1453,0.60,Revisionato
2019/01/18 18:50:1.43,0.1,40.8238,14.1472,0.52,Revisionato
2019/01/18 18:50:55.04,-0.8,40.8287,14.1437,0.67,Revisionato
2019/01/18 19:12:11.42,0.1,40.8247,14.1445,0.58,Revisionato
2019/01/20 09:31:11.97,-0.3,40.8280,14.1412,0.73,Revisionato
2019/01/30 17:02:11.34,-0.8,40.8248,14.1467,0.65,Revisionato
2019/01/30 17:02:37.28,-0.1,40.8228,14.1447,0.91,Revisionato
2019/01/30 17:03:25.94,-0.3,40.8253,14.1473,0.84,Revisionato
2019/01/30 17:10:29.58,-0.1,40.8242,14.1517,1.40,Revisionato
2019/01/30 17:17:38.12,-0.5,40.8233,14.1517,1.34,Revisionato
2019/01/30 17:22:39.62,0.2,40.8243,14.1478,1.09,Revisionato
2019/02/08 14:45:58.86,0.2,40.8260,14.1430,0.71,Revisionato
2019/02/08 14:47:8.70,-0.5,40.8253,14.1415,0.81,Revisionato
2019/02/10 03:37:44.44,0.5,40.8217,14.1292,1.64,Revisionato
2019/02/14 16:21:49.58,0.1,40.8252,14.1433,1.05,Revisionato
2019/02/14 16:22:29.84,-0.3,40.8253,14.1430,0.97,Revisionato
2019/02/17 23:48:58.16,0.1,40.8270,14.1273,1.59,Revisionato
2019/02/18 01:36:43.72,0.4,40.8263,14.1270,1.28,Revisionato
2019/02/18 22:14:58.97,-0.1,40.8313,14.1445,1.29,Revisionato
2019/02/19 11:32:14.86,-0.3,40.8247,14.1402,0.64,Revisionato
2019/02/20 15:12:18.82,-0.3,40.8313,14.1473,1.47,Revisionato
2019/02/21 14:49:23.20,-1.0,40.8288,14.1423,0.47,Revisionato
2019/02/21 14:49:27.70,-1.0,40.8292,14.1425,0.66,Revisionato
2019/02/22 21:42:49.37,-0.3,40.8233,14.1402,1.02,Revisionato
2019/02/22 21:45:32.33,0.4,40.8200,14.1387,0.30,Revisionato
2019/02/22 21:49:15.42,-0.3,40.8213,14.1383,0.94,Revisionato
2019/02/22 21:49:23.48,-0.5,40.8192,14.1438,0.75,Revisionato
2019/02/22 21:51:27.99,0.5,40.8210,14.1402,1.02,Revisionato
2019/02/22 22:14:45.06,0.8,40.8208,14.1370,0.86,Revisionato
2019/02/22 22:40:11.52,0.1,40.8212,14.1397,0.91,Revisionato
2019/02/22 22:40:35.44,-0.1,40.8200,14.1383,1.40,Revisionato
2019/02/25 17:47:34.68,0.4,40.8313,14.1517,1.42,Revisionato
2019/02/25 23:25:54.26,1.0,40.8208,14.1307,1.65,Revisionato
2019/02/26 19:12:18.02,-1.0,40.8265,14.1392,1.02,Revisionato
2019/02/26 22:40:6.92,-0.5,40.8315,14.1402,1.46,Revisionato
2019/02/28 03:20:40.49,-0.5,40.8267,14.1315,0.98,Revisionato
2019/03/06 18:21:59.61,-0.1,40.8228,14.1402,1.16,Revisionato
2019/03/10 23:22:43.99,0.4,40.8075,14.1445,2.75,Revisionato
2019/03/11 01:09:12.56,0.1,40.8315,14.1402,1.64,Revisionato
2019/03/13 15:42:27.94,0.4,40.8250,14.1408,1.27,Revisionato
2019/03/13 15:42:45.86,0.2,40.8265,14.1425,1.20,Revisionato
2019/03/13 23:30:26.22,0.7,40.8093,14.1415,2.77,Revisionato
2019/03/15 02:32:55.01,-0.8,40.8212,14.1517,0.87,Revisionato
2019/03/15 02:33:1.68,0.2,40.8215,14.1558,1.15,Revisionato
2019/03/15 02:44:13.95,0.5,40.8208,14.1517,1.62,Revisionato
2019/03/15 02:50:21.86,0.1,40.8225,14.1483,1.32,Revisionato
2019/03/15 02:51:37.44,-0.8,40.8215,14.1517,0.79,Revisionato
2019/03/15 02:53:13.79,0.6,40.8220,14.1492,1.38,Revisionato
2019/03/15 03:36:24.48,0.1,40.8227,14.1533,1.47,Revisionato
2019/03/15 03:58:2.26,0.1,40.8217,14.1517,1.05,Revisionato
2019/03/15 03:59:44.92,-0.3,40.8233,14.1490,1.12,Revisionato
2019/03/15 04:00:22.61,0.4,40.8237,14.1440,1.45,Revisionato
2019/03/15 04:03:44.83,0.5,40.8240,14.1448,1.75,Revisionato
2019/03/15 04:04:38.61,-0.3,40.8223,14.1483,1.14,Revisionato
2019/03/15 04:07:59.24,0.1,40.8222,14.1443,1.37,Revisionato
2019/03/15 04:10:26.92,0.6,40.8247,14.1472,1.73,Revisionato
2019/03/15 04:12:40.01,0.1,40.8222,14.1428,1.58,Revisionato
2019/03/15 04:14:4.94,-0.5,40.8223,14.1517,1.46,Revisionato
2019/03/15 04:16:20.22,0.1,40.8237,14.1460,1.25,Revisionato
2019/03/15 04:19:27.90,0.1,40.8227,14.1430,1.14,Revisionato
2019/03/15 04:20:27.54,0.4,40.8228,14.1472,0.96,Revisionato
2019/03/15 04:20:40.35,-0.1,40.8228,14.1432,0.96,Revisionato
2019/03/15 04:21:34.93,-0.3,40.8225,14.1490,0.40,Revisionato
2019/03/15 04:22:38.03,-0.1,40.8203,14.1490,1.29,Revisionato
2019/03/15 04:24:5.35,0.2,40.8222,14.1482,1.66,Revisionato
2019/03/15 04:25:31.27,0.4,40.8237,14.1488,1.02,Revisionato
2019/03/15 04:26:41.82,2.5,40.8287,14.1485,2.13,Revisionato
2019/03/15 04:27:26.83,-0.1,40.8222,14.1535,0.78,Revisionato
2019/03/15 04:27:34.51,-0.3,40.8222,14.1460,0.95,Revisionato
2019/03/15 04:27:45.51,-0.3,40.8212,14.1490,1.30,Revisionato
2019/03/15 04:27:57.73,0.7,40.8263,14.1467,1.84,Revisionato
2019/03/15 04:28:58.28,-0.1,40.8237,14.1453,1.05,Revisionato
2019/03/15 04:33:53.54,-1.0,40.8215,14.1493,0.91,Revisionato
2019/03/15 04:36:44.31,0.1,40.8228,14.1487,1.29,Revisionato
2019/03/15 04:40:35.76,1.1,40.8275,14.1493,2.15,Revisionato
2019/03/15 04:44:36.21,0.7,40.8233,14.1517,1.42,Revisionato
2019/03/15 04:44:57.05,-0.1,40.8217,14.1517,1.05,Revisionato
2019/03/15 04:47:45.13,-0.5,40.8220,14.1517,1.03,Revisionato
2019/03/15 04:49:50.26,0.8,40.8233,14.1442,1.21,Revisionato
2019/03/15 04:50:51.28,0.1,40.8222,14.1490,0.97,Revisionato
2019/03/15 04:53:53.94,-0.5,40.8215,14.1517,1.11,Revisionato
2019/03/15 04:56:39.68,0.7,40.8262,14.1462,1.80,Revisionato
2019/03/15 04:57:4.80,0.4,40.8222,14.1468,1.53,Revisionato
2019/03/15 05:20:46.29,0.4,40.8225,14.1423,1.21,Revisionato
2019/03/15 06:00:36.79,0.1,40.8313,14.1425,1.32,Revisionato
2019/03/15 06:09:14.37,-0.8,40.8223,14.1483,0.99,Revisionato
2019/03/15 06:09:41.95,0.1,40.8225,14.1460,1.33,Revisionato
2019/03/15 10:29:23.22,1.0,40.8252,14.1465,1.56,Revisionato
2019/03/16 01:13:54.64,-0.5,40.8223,14.1430,0.67,Revisionato
2019/03/17 13:42:18.09,-1.0,40.8218,14.1433,0.81,Revisionato
2019/03/17 13:42:21.29,-0.3,40.8220,14.1428,0.63,Revisionato
2019/03/17 13:49:26.75,-0.5,40.8213,14.1490,0.33,Revisionato
2019/03/17 14:27:16.90,-0.1,40.8213,14.1477,0.53,Revisionato
2019/03/17 23:23:8.86,-0.3,40.8283,14.1445,0.99,Revisionato
2019/03/18 18:54:8.62,0.8,40.8223,14.1398,0.75,Revisionato
2019/03/18 22:42:8.36,0.4,40.8263,14.1445,1.36,Revisionato
2019/03/19 03:45:58.54,1.1,40.8275,14.1428,0.98,Revisionato
2019/03/21 02:35:20.91,0.1,40.8347,14.1402,1.72,Revisionato
2019/03/21 02:36:56.75,0.2,40.8328,14.1530,1.87,Revisionato
2019/03/21 02:37:45.28,-0.1,40.8358,14.1452,1.43,Revisionato
2019/03/21 02:56:40.35,0.1,40.8313,14.1535,1.74,Revisionato
2019/03/21 03:11:57.76,0.6,40.8313,14.1502,1.80,Revisionato
2019/03/21 19:57:29.65,-0.8,40.8270,14.1433,0.75,Revisionato
2019/03/21 20:05:12.05,-1.0,40.8293,14.1422,0.35,Revisionato
2019/03/21 20:10:21.43,-0.3,40.8273,14.1402,0.89,Revisionato
2019/03/21 20:53:29.70,0.6,40.8265,14.1418,1.02,Revisionato
2019/03/21 20:54:8.14,-0.1,40.8245,14.1452,0.71,Revisionato
2019/03/21 22:17:11.49,0.2,40.8260,14.1417,0.95,Revisionato
2019/03/24 15:12:32.13,0.7,40.8082,14.0950,3.73,Revisionato
2019/03/31 13:53:6.76,-0.3,40.8220,14.1435,0.41,Revisionato
2019/04/01 12:30:4.34,0.2,40.8102,14.1002,3.94,Revisionato
2019/04/02 22:35:14.63,0.1,40.8257,14.1405,1.10,Revisionato
2019/04/03 02:36:40.88,-0.1,40.8242,14.1460,0.60,Revisionato
2019/04/06 01:10:3.65,0.1,40.8278,14.1430,1.42,Revisionato
2019/04/07 05:51:50.78,0.1,40.8240,14.1410,0.97,Revisionato
2019/04/08 01:34:50.69,-0.3,40.8247,14.1350,1.45,Revisionato
2019/04/08 08:48:8.18,0.2,40.8410,14.1402,1.85,Revisionato
2019/04/08 08:49:27.68,0.1,40.8398,14.1392,1.84,Revisionato
2019/04/08 09:24:24.64,-0.3,40.8315,14.1367,1.84,Revisionato
2019/04/10 19:42:24.56,0.4,40.8218,14.1400,1.13,Revisionato
2019/04/10 19:49:52.53,0.2,40.8242,14.1317,1.53,Revisionato
2019/04/10 22:56:47.21,1.8,40.8272,14.1435,1.18,Revisionato
2019/04/14 08:02:56.70,0.2,40.8220,14.1407,0.88,Revisionato
2019/04/14 08:03:8.93,-0.1,40.8203,14.1413,1.13,Revisionato
2019/04/15 03:00:41.64,-0.5,40.8247,14.1385,0.93,Revisionato
2019/04/15 03:00:50.67,0.6,40.8227,14.1402,1.52,Revisionato
2019/04/15 17:52:43.55,0.4,40.8270,14.1442,1.04,Revisionato
2019/04/16 10:19:18.27,0.8,40.8233,14.1362,1.04,Revisionato
2019/04/16 10:23:42.53,1.1,40.8247,14.1375,1.47,Revisionato
2019/04/16 10:38:9.67,0.2,40.8228,14.1413,1.45,Revisionato
2019/04/16 12:17:31.51,0.5,40.8242,14.1367,1.38,Revisionato
2019/04/17 00:40:16.50,1.1,40.8342,14.1450,0.57,Revisionato
2019/04/21 14:45:10.61,1.0,40.8265,14.1387,1.22,Revisionato
2019/04/21 14:53:2.46,0.8,40.8250,14.1337,1.73,Revisionato
2019/04/21 14:59:3.67,0.5,40.8268,14.1305,1.72,Revisionato
2019/04/21 15:12:38.37,0.9,40.8243,14.1322,1.67,Revisionato
2019/04/21 15:43:17.61,0.4,40.8240,14.1358,2.12,Revisionato
2019/04/21 15:53:1.50,0.2,40.8257,14.1323,1.44,Revisionato
2019/04/21 18:06:32.64,1.2,40.8348,14.1353,1.52,Revisionato
2019/04/22 21:51:54.40,0.2,40.8270,14.1432,1.05,Revisionato
2019/04/25 13:26:7.87,0.4,40.8213,14.1497,0.80,Revisionato
2019/04/25 23:28:58.83,0.2,40.8400,14.1302,1.84,Revisionato
2019/04/26 12:40:58.19,-0.5,40.8207,14.1442,1.08,Revisionato
2019/04/28 05:36:34.28,0.2,40.8273,14.1443,1.50,Revisionato
2019/04/28 05:48:44.82,0.2,40.8270,14.1467,1.48,Revisionato
2019/04/28 06:40:21.34,0.2,40.8303,14.1445,1.02,Revisionato
2019/04/29 07:41:8.63,-0.3,40.8242,14.1415,0.84,Revisionato
2019/05/01 01:31:17.97,0.5,40.8222,14.1722,2.39,Revisionato
2019/05/03 04:02:12.28,-0.5,40.8197,14.1358,1.53,Revisionato
2019/05/03 09:43:16.30,0.1,40.8267,14.1378,0.98,Revisionato
2019/05/04 00:40:7.66,0.1,40.8290,14.1440,1.42,Revisionato
2019/05/04 00:40:29.99,-0.1,40.8293,14.1457,1.38,Revisionato
2019/05/04 00:41:5.92,0.4,40.8275,14.1402,1.46,Revisionato
2019/05/09 23:47:28.23,0.7,40.8087,14.1137,2.61,Revisionato
2019/05/10 15:15:42.27,-0.1,40.8247,14.1402,1.05,Revisionato
2019/05/11 09:33:11.57,0.2,40.8260,14.1422,1.11,Revisionato
2019/05/13 22:10:29.18,0.4,40.8245,14.1490,1.47,Revisionato
2019/05/16 21:54:6.58,-0.3,40.8273,14.1438,0.70,Revisionato
2019/05/16 21:54:24.62,-0.1,40.8243,14.1442,0.54,Revisionato
2019/05/16 21:57:3.43,-0.1,40.8248,14.1447,0.83,Revisionato
2019/05/16 21:57:16.52,0.1,40.8290,14.1437,0.55,Revisionato
2019/05/17 10:19:4.33,0.4,40.8230,14.1490,0.79,Revisionato
2019/05/17 10:23:53.80,0.1,40.8218,14.1480,0.96,Revisionato
2019/05/17 10:24:0.29,-0.1,40.8228,14.1482,0.82,Revisionato
2019/05/17 10:25:13.62,-0.3,40.8242,14.1473,0.92,Revisionato
2019/05/17 16:49:20.47,-0.5,40.8258,14.1483,0.75,Revisionato
2019/05/18 02:00:27.48,0.5,40.8262,14.1425,1.23,Revisionato
2019/05/20 01:37:16.15,0.4,40.8228,14.1368,0.84,Revisionato
2019/05/21 03:29:53.33,-0.3,40.8292,14.1417,0.81,Revisionato
2019/05/21 03:30:1.73,0.1,40.8280,14.1440,0.75,Revisionato
2019/05/21 03:30:55.17,-0.1,40.8273,14.1438,0.93,Revisionato
2019/05/22 12:05:5.94,-0.8,40.8268,14.1425,0.56,Revisionato
2019/05/22 22:15:56.81,-0.3,40.8387,14.1280,1.27,Revisionato
2019/05/24 01:59:32.28,0.2,40.8282,14.1402,1.31,Revisionato
2019/05/26 04:37:10.12,-0.1,40.8225,14.1363,0.72,Revisionato
2019/05/26 04:37:41.66,0.4,40.8213,14.1338,0.91,Revisionato
2019/05/26 05:17:57.25,0.1,40.8278,14.1368,1.48,Revisionato
2019/05/26 05:32:54.22,-0.1,40.8223,14.1365,0.68,Revisionato
2019/05/28 23:11:2.67,0.2,40.8245,14.1418,1.39,Revisionato
2019/05/30 19:34:37.52,0.2,40.8228,14.1368,1.26,Revisionato
2019/06/01 21:42:32.22,-0.3,40.8242,14.1413,0.86,Revisionato
2019/06/02 04:31:43.38,-0.1,40.8230,14.1402,0.56,Revisionato
2019/06/02 04:36:20.27,-0.5,40.8247,14.1425,0.64,Revisionato
2019/06/02 12:39:23.34,-0.8,40.8227,14.1415,0.67,Revisionato
2019/06/03 02:25:7.76,0.5,40.8088,14.0957,3.58,Revisionato
2019/06/04 14:15:57.48,-0.8,40.8287,14.1437,0.62,Revisionato
2019/06/06 07:21:58.46,-0.8,40.8290,14.1473,0.83,Revisionato
2019/06/06 07:23:23.66,-0.1,40.8267,14.1432,0.89,Revisionato
2019/06/07 10:04:41.33,0.1,40.8278,14.1412,1.00,Revisionato
2019/06/08 02:56:23.00,-0.5,40.8240,14.1437,1.74,Revisionato
2019/06/08 03:36:38.44,-0.3,40.8263,14.1490,1.44,Revisionato
2019/06/08 04:24:38.18,-0.5,40.8245,14.1450,1.63,Revisionato
2019/06/08 04:25:12.00,-0.5,40.8233,14.1413,1.40,Revisionato
2019/06/08 05:07:58.66,-0.3,40.8235,14.1442,1.39,Revisionato
2019/06/08 05:24:23.56,-0.1,40.8227,14.1445,1.51,Revisionato
2019/06/08 19:26:18.86,-0.3,40.8288,14.1435,1.69,Revisionato
2019/06/10 17:16:28.66,-0.3,40.8240,14.1413,1.20,Revisionato
2019/06/10 17:18:14.82,-1.0,40.8217,14.1375,0.85,Revisionato
2019/06/10 20:27:21.72,-0.3,40.8213,14.1415,0.98,Revisionato
2019/06/10 20:43:34.03,0.2,40.8203,14.1402,1.14,Revisionato
2019/06/11 04:17:56.01,1.2,40.8210,14.1377,1.37,Revisionato
2019/06/11 04:18:17.07,0.8,40.8233,14.1353,1.37,Revisionato
2019/06/11 04:29:4.09,0.1,40.8203,14.1355,0.80,Revisionato
2019/06/11 04:29:14.83,1.0,40.8228,14.1365,1.22,Revisionato
2019/06/11 04:29:33.39,-0.8,40.8203,14.1403,1.00,Revisionato
2019/06/11 04:31:51.90,0.1,40.8220,14.1388,1.18,Revisionato
2019/06/11 05:36:4.28,0.5,40.8203,14.1398,0.99,Revisionato
2019/06/11 05:36:46.47,-0.5,40.8203,14.1362,1.19,Revisionato
2019/06/11 05:36:57.65,-1.0,40.8195,14.1370,1.31,Revisionato
2019/06/11 05:43:0.03,-0.5,40.8228,14.1355,1.35,Revisionato
2019/06/12 21:17:15.73,-0.1,40.8228,14.1315,0.78,Revisionato
2019/06/12 21:17:40.32,0.4,40.8252,14.1282,1.58,Revisionato
2019/06/12 21:20:45.82,0.4,40.8253,14.1297,1.30,Revisionato
2019/06/13 18:12:51.40,0.2,40.8215,14.1408,0.60,Revisionato
2019/06/14 06:08:24.55,0.5,40.8263,14.1382,1.14,Revisionato
2019/06/14 06:13:30.38,0.6,40.8268,14.1352,1.18,Revisionato
2019/06/14 06:13:43.26,-0.1,40.8273,14.1388,1.37,Revisionato
2019/06/15 21:25:40.00,0.2,40.8182,14.1403,1.47,Revisionato
2019/06/16 08:55:32.69,-0.1,40.8223,14.1357,0.86,Revisionato
2019/06/16 09:19:28.77,0.4,40.8210,14.1302,1.34,Revisionato
2019/06/16 09:23:20.16,0.1,40.8178,14.1402,0.93,Revisionato
2019/06/16 09:29:54.36,-0.1,40.8190,14.1402,1.66,Revisionato
2019/06/16 09:30:25.10,-0.3,40.8212,14.1377,0.65,Revisionato
2019/06/16 09:31:26.09,-0.5,40.8195,14.1383,1.59,Revisionato
2019/06/16 09:31:49.85,0.1,40.8190,14.1402,1.27,Revisionato
2019/06/16 09:33:36.58,-0.1,40.8197,14.1392,0.63,Revisionato
2019/06/16 09:41:54.24,-0.3,40.8222,14.1330,1.44,Revisionato
2019/06/16 09:45:43.34,0.6,40.8238,14.1328,1.41,Revisionato
2019/06/16 09:47:44.48,-0.1,40.8225,14.1352,1.70,Revisionato
2019/06/16 09:57:47.74,0.6,40.8227,14.1342,0.98,Revisionato
2019/06/16 10:57:44.33,0.7,40.8260,14.1320,1.30,Revisionato
2019/06/16 11:27:6.68,0.4,40.8240,14.1333,1.35,Revisionato
2019/06/16 19:02:19.70,0.1,40.8245,14.1333,0.98,Revisionato
2019/06/17 02:43:18.46,0.1,40.8223,14.1402,1.55,Revisionato
2019/06/17 12:03:32.52,-0.8,40.8308,14.1435,0.41,Revisionato
2019/06/17 12:06:35.83,-0.5,40.8310,14.1423,0.37,Revisionato
2019/06/19 02:42:44.56,-0.1,40.8257,14.1402,0.92,Revisionato
2019/06/19 02:42:59.16,-0.3,40.8300,14.1428,0.95,Revisionato
2019/06/20 07:45:37.78,1.2,40.8267,14.1330,1.58,Revisionato
2019/06/20 18:18:35.72,0.2,40.8228,14.1353,1.39,Revisionato
2019/06/21 00:41:18.54,-0.1,40.8272,14.1438,1.01,Revisionato
2019/06/21 04:07:43.89,0.2,40.8315,14.1550,1.59,Revisionato
2019/06/21 04:07:55.32,-0.1,40.8352,14.1460,1.13,Revisionato
2019/06/21 21:06:28.41,-0.1,40.8265,14.1360,1.35,Revisionato
2019/06/21 21:07:19.25,0.1,40.8253,14.1360,1.13,Revisionato
2019/06/21 21:07:43.00,-0.3,40.8272,14.1327,1.36,Revisionato
2019/06/22 17:11:6.38,0.4,40.8248,14.1460,1.41,Revisionato
2019/06/23 10:18:49.75,-0.3,40.8298,14.1402,0.81,Revisionato
2019/06/23 10:52:22.77,-0.5,40.8303,14.1427,0.73,Revisionato
2019/06/26 00:22:54.69,-0.5,40.8225,14.1440,1.25,Revisionato
2019/06/27 19:45:39.01,-0.3,40.8315,14.1375,1.68,Revisionato
2019/06/29 02:01:31.43,0.5,40.8263,14.1433,1.19,Revisionato
2019/06/29 06:58:25.81,-0.1,40.8233,14.1437,0.75,Revisionato
2019/07/02 09:52:34.61,-0.1,40.8248,14.1425,0.90,Revisionato
2019/07/05 13:59:4.02,-0.3,40.8273,14.1430,1.10,Revisionato
2019/07/05 14:06:5.32,-0.5,40.8215,14.1438,0.93,Revisionato
2019/07/06 03:34:4.77,-0.5,40.8277,14.1437,1.46,Revisionato
2019/07/06 16:51:38.35,-0.1,40.8258,14.1418,1.79,Revisionato
2019/07/08 15:50:29.47,-0.8,40.8248,14.1402,1.14,Revisionato
2019/07/08 15:50:33.72,-0.3,40.8242,14.1413,1.04,Revisionato
2019/07/08 19:16:45.95,-0.1,40.8292,14.1445,0.88,Revisionato
2019/07/10 23:17:17.33,-0.1,40.8243,14.1265,1.57,Revisionato
2019/07/10 23:22:36.46,0.1,40.8228,14.1277,1.46,Revisionato
2019/07/11 06:56:52.31,-0.5,40.8240,14.1408,0.67,Revisionato
2019/07/16 17:17:55.72,-0.1,40.8243,14.1430,1.12,Revisionato
2019/07/17 18:40:46.41,-0.3,40.8228,14.1302,1.49,Revisionato
2019/07/17 18:45:44.27,0.5,40.8228,14.1290,1.33,Revisionato
2019/07/21 22:15:53.75,0.1,40.8245,14.1312,1.13,Revisionato
2019/07/23 19:41:31.72,0.4,40.8382,14.1327,1.68,Revisionato
2019/07/24 03:49:31.72,0.5,40.8377,14.1330,1.63,Revisionato
2019/07/24 04:12:38.12,0.5,40.8237,14.1377,1.74,Revisionato
2019/07/24 04:12:55.20,0.7,40.8217,14.1402,1.82,Revisionato
2019/07/24 04:27:13.57,0.5,40.8275,14.1367,1.67,Revisionato
2019/07/24 06:38:37.55,1.7,40.8250,14.1435,1.79,Revisionato
2019/07/24 21:17:34.06,-0.8,40.8238,14.1437,1.38,Revisionato
2019/07/24 21:23:51.28,1.0,40.8203,14.1358,0.91,Revisionato
2019/07/24 22:58:48.73,0.2,40.8235,14.1422,0.94,Revisionato
2019/07/26 23:25:5.59,0.1,40.8192,14.1383,0.98,Revisionato
2019/07/31 21:48:49.67,-0.1,40.8275,14.1437,0.61,Revisionato
2019/08/03 05:33:4.40,0.4,40.8198,14.1267,1.67,Revisionato
2019/08/03 09:00:31.75,0.2,40.8358,14.1393,1.46,Revisionato
2019/08/03 09:00:35.48,0.7,40.8370,14.1375,1.69,Revisionato
2019/08/03 09:09:14.89,-0.1,40.8348,14.1347,1.34,Revisionato
2019/08/04 01:46:31.79,0.5,40.8233,14.1370,1.25,Revisionato
2019/08/04 01:47:9.82,0.5,40.8227,14.1380,1.37,Revisionato
2019/08/04 12:39:0.95,1.0,40.8308,14.1487,1.36,Revisionato
2019/08/04 15:33:21.35,0.5,40.8268,14.1413,1.12,Revisionato
2019/08/05 17:01:50.77,-0.5,40.8257,14.1450,0.39,Revisionato
2019/08/07 00:44:37.61,-0.3,40.8193,14.1345,1.45,Revisionato
2019/08/10 02:39:46.48,0.2,40.8262,14.1248,1.64,Revisionato
2019/08/11 07:23:7.83,0.5,40.8273,14.1447,0.82,Revisionato
2019/08/11 13:12:6.61,-0.3,40.8243,14.1468,0.99,Revisionato
2019/08/11 16:40:13.15,0.2,40.8272,14.1487,0.84,Revisionato
2019/08/12 06:13:3.76,1.1,40.8275,14.1393,1.56,Revisionato
2019/08/13 00:11:59.91,0.4,40.8250,14.1300,1.75,Revisionato
2019/08/13 00:14:30.57,-0.3,40.8228,14.1325,1.26,Revisionato
2019/08/17 13:01:34.70,-0.1,40.8262,14.1428,0.75,Revisionato
2019/08/17 19:01:8.98,-0.5,40.8267,14.1412,1.23,Revisionato
2019/08/18 12:20:26.74,0.1,40.8203,14.1448,1.40,Revisionato
2019/08/20 04:19:37.20,0.5,40.8212,14.1403,0.77,Revisionato
2019/08/23 05:12:33.25,-0.1,40.8280,14.1437,0.79,Revisionato
2019/08/23 20:16:3.47,0.2,40.8385,14.1285,1.76,Revisionato
2019/08/28 09:11:18.67,-0.1,40.8275,14.1413,0.97,Revisionato
2019/08/29 23:25:13.81,-0.1,40.8252,14.1428,1.04,Revisionato
2019/09/05 04:03:1.72,1.5,40.8105,14.0958,4.35,Revisionato
2019/09/09 23:24:27.58,-0.5,40.8277,14.1427,0.66,Revisionato
2019/09/11 10:27:53.68,0.9,40.8302,14.1120,1.69,Revisionato
2019/09/11 15:32:31.25,-0.3,40.8192,14.1415,0.98,Revisionato
2019/09/11 15:43:14.44,0.1,40.8208,14.1402,1.01,Revisionato
2019/09/11 15:52:42.70,-0.3,40.8208,14.1357,0.84,Revisionato
2019/09/13 13:12:54.38,-0.3,40.8297,14.1423,0.81,Revisionato
2019/09/13 13:52:20.05,-0.3,40.8257,14.1410,1.27,Revisionato
2019/09/15 22:18:47.68,0.1,40.8315,14.1402,1.23,Revisionato
2019/09/15 23:43:21.68,-0.8,40.8307,14.1408,0.85,Revisionato
2019/09/18 14:02:57.46,0.2,40.8257,14.1402,0.90,Revisionato
2019/09/26 09:58:52.13,0.1,40.8315,14.1402,1.07,Revisionato
2019/09/26 16:34:46.18,-0.1,40.8285,14.1355,1.73,Revisionato
2019/09/30 02:36:36.84,-0.1,40.8283,14.1402,1.44,Revisionato
2019/10/05 05:08:37.76,2.5,40.8282,14.1475,1.91,Revisionato
2019/10/05 05:09:24.01,-0.8,40.8285,14.1427,1.71,Revisionato
2019/10/05 08:46:7.99,-0.1,40.8237,14.1423,1.09,Revisionato
2019/10/05 08:47:26.19,-0.3,40.8255,14.1437,1.02,Revisionato
2019/10/06 08:18:3.50,-0.1,40.8295,14.1422,1.01,Revisionato
2019/10/07 19:56:24.69,-0.5,40.8243,14.1438,0.76,Revisionato
2019/10/07 19:56:45.10,0.2,40.8277,14.1413,1.07,Revisionato
2019/10/07 20:10:15.46,-0.1,40.8243,14.1417,0.83,Revisionato
2019/10/07 20:30:24.56,-1.0,40.8268,14.1437,0.76,Revisionato
2019/10/09 01:17:41.36,-0.8,40.8313,14.1420,0.72,Revisionato
2019/10/09 03:52:0.25,-0.1,40.8278,14.1402,1.02,Revisionato
2019/10/09 03:53:16.00,-0.3,40.8243,14.1403,0.95,Revisionato
2019/10/09 03:57:22.97,-0.3,40.8307,14.1452,0.88,Revisionato
2019/10/10 08:09:50.45,-0.8,40.8315,14.1418,0.81,Revisionato
2019/10/11 03:31:7.72,-0.8,40.8305,14.1388,1.20,Revisionato
2019/10/12 23:53:21.36,0.5,40.8420,14.1248,1.54,Revisionato
2019/10/14 04:24:36.38,0.1,40.8247,14.1460,0.92,Revisionato
2019/10/14 04:24:45.24,-0.8,40.8230,14.1457,0.78,Revisionato
2019/10/14 04:27:28.09,-0.5,40.8235,14.1468,0.80,Revisionato
2019/10/14 12:07:17.74,-0.8,40.8327,14.1435,0.59,Revisionato
2019/10/14 14:26:33.42,0.1,40.8307,14.1390,1.14,Revisionato
2019/10/14 17:51:48.18,0.1,40.8250,14.1342,1.14,Revisionato
2019/10/14 19:24:24.20,0.6,40.8250,14.1320,1.62,Revisionato
2019/10/15 05:57:53.76,0.4,40.8212,14.1318,0.89,Revisionato
2019/10/15 05:58:3.15,0.4,40.8247,14.1308,1.84,Revisionato
2019/10/15 05:59:44.77,0.7,40.8213,14.1292,1.09,Revisionato
2019/10/15 08:33:20.32,0.9,40.8225,14.1302,1.10,Revisionato
2019/10/15 08:49:47.34,0.1,40.8228,14.1302,1.49,Revisionato
2019/10/15 08:55:3.43,0.2,40.8228,14.1290,1.67,Revisionato
2019/10/16 21:47:19.72,0.1,40.8270,14.1393,0.84,Revisionato
2019/10/17 04:46:17.11,-0.3,40.8267,14.1430,1.13,Revisionato
2019/10/18 22:34:45.68,-0.8,40.8220,14.1358,0.82,Revisionato
2019/10/19 01:48:57.01,-0.3,40.8215,14.1390,0.87,Revisionato
2019/10/19 08:08:39.93,0.4,40.8227,14.1412,1.22,Revisionato
2019/10/20 19:00:51.59,0.2,40.8228,14.1338,1.48,Revisionato
2019/10/20 19:56:57.94,0.2,40.8230,14.1375,1.14,Revisionato
2019/10/20 19:57:25.13,0.5,40.8222,14.1353,1.40,Revisionato
2019/10/20 20:17:59.42,0.8,40.8233,14.1367,1.30,Revisionato
2019/10/20 20:38:21.63,0.4,40.8223,14.1382,1.06,Revisionato
2019/10/20 23:33:11.77,0.2,40.8222,14.1402,1.44,Revisionato
2019/10/21 00:10:8.90,0.1,40.8220,14.1373,0.86,Revisionato
2019/10/21 00:10:26.40,-0.8,40.8247,14.1368,1.52,Revisionato
2019/10/21 00:10:31.67,-0.1,40.8228,14.1373,0.98,Revisionato
2019/10/21 00:10:53.26,-0.3,40.8232,14.1355,1.40,Revisionato
2019/10/22 11:54:34.67,-0.1,40.8245,14.1395,1.07,Revisionato
2019/10/25 20:34:0.27,0.2,40.8260,14.1417,0.90,Revisionato
2019/10/25 20:34:33.69,-0.3,40.8278,14.1410,0.90,Revisionato
2019/10/25 20:37:26.48,-0.5,40.8247,14.1393,0.60,Revisionato
2019/10/27 10:14:56.26,-0.3,40.8287,14.1428,0.44,Revisionato
2019/10/27 10:19:8.76,0.4,40.8238,14.1447,0.68,Revisionato
2019/10/28 17:00:11.58,-0.5,40.8318,14.1450,0.83,Revisionato
2019/10/29 16:21:39.13,0.5,40.8302,14.1438,0.83,Revisionato
2019/11/09 10:53:26.84,0.7,40.8263,14.1443,1.10,Revisionato
2019/11/09 11:07:24.64,0.1,40.8257,14.1422,1.03,Revisionato
2019/11/09 11:07:33.78,-0.3,40.8313,14.1437,0.70,Revisionato
2019/11/09 11:38:33.97,-0.3,40.8307,14.1412,0.75,Revisionato
2019/11/09 11:40:18.79,0.4,40.8307,14.1430,0.94,Revisionato
2019/11/09 11:41:30.59,-0.5,40.8315,14.1442,0.56,Revisionato
2019/11/09 12:02:5.29,-0.8,40.8318,14.1442,0.65,Revisionato
2019/11/09 16:16:8.13,-0.3,40.8317,14.1410,0.65,Revisionato
2019/11/09 16:16:22.58,-0.1,40.8313,14.1423,0.61,Revisionato
2019/11/10 02:43:28.89,-0.3,40.8277,14.1465,1.35,Revisionato
2019/11/10 02:44:38.78,0.1,40.8272,14.1430,1.23,Revisionato
2019/11/10 19:48:26.84,0.2,40.8317,14.1468,0.26,Revisionato
2019/11/10 19:48:43.13,0.4,40.8267,14.1430,0.55,Revisionato
2019/11/10 23:56:1.47,-0.3,40.8228,14.1428,0.85,Revisionato
2019/11/12 05:07:34.95,-0.1,40.8315,14.1363,1.24,Revisionato
2019/11/12 05:18:1.14,0.2,40.8300,14.1390,1.35,Revisionato
2019/11/12 06:12:26.92,-0.1,40.8315,14.1402,0.81,Revisionato
2019/11/12 07:20:18.88,0.2,40.8272,14.1402,1.65,Revisionato
2019/11/13 13:13:9.31,0.8,40.8075,14.1203,1.52,Revisionato
2019/11/13 20:44:43.15,-0.3,40.8237,14.1335,1.07,Revisionato
2019/11/14 18:36:35.64,0.4,40.8258,14.1470,1.52,Revisionato
2019/11/14 18:37:43.83,-0.3,40.8270,14.1428,1.70,Revisionato
2019/11/14 18:37:51.51,-0.5,40.8278,14.1420,1.34,Revisionato
2019/11/14 18:37:58.15,-0.1,40.8260,14.1468,1.82,Revisionato
2019/11/14 18:38:35.48,-0.3,40.8260,14.1377,1.02,Revisionato
2019/11/14 18:38:43.81,-1.0,40.8255,14.1415,1.55,Revisionato
2019/11/14 18:38:53.90,-0.1,40.8250,14.1402,1.29,Revisionato
2019/11/14 18:39:6.26,-0.5,40.8258,14.1425,1.62,Revisionato
2019/11/14 18:39:26.49,-0.3,40.8245,14.1412,1.45,Revisionato
2019/11/14 18:39:57.50,-0.1,40.8262,14.1438,1.56,Revisionato
2019/11/14 20:37:2.91,-0.1,40.8272,14.1402,1.62,Revisionato
2019/11/15 07:58:46.88,0.7,40.8235,14.1335,1.27,Revisionato
2019/11/15 11:33:23.41,0.4,40.8217,14.1285,1.30,Revisionato
2019/11/17 14:11:7.29,0.6,40.8290,14.1287,1.67,Revisionato
2019/11/18 02:51:31.57,0.2,40.8297,14.1355,1.35,Revisionato
2019/11/18 05:26:10.74,0.4,40.8235,14.1177,0.88,Revisionato
2019/11/18 05:43:36.16,0.7,40.8260,14.1145,0.99,Revisionato
2019/11/18 07:57:58.65,0.5,40.8177,14.1237,1.10,Revisionato
2019/11/18 10:56:48.73,-0.3,40.8263,14.1427,1.01,Revisionato
2019/11/18 13:50:43.60,0.2,40.8258,14.1363,0.87,Revisionato
2019/11/20 02:16:2.27,0.8,40.8263,14.1228,0.87,Revisionato
2019/11/20 02:20:59.48,-0.1,40.8228,14.1283,1.01,Revisionato
2019/11/20 03:21:7.07,0.6,40.8262,14.1248,1.05,Revisionato
2019/11/20 03:21:19.16,-0.3,40.8228,14.1278,1.20,Revisionato
2019/11/20 03:36:41.65,-0.5,40.8228,14.1272,1.48,Revisionato
2019/11/20 03:37:12.87,-0.5,40.8265,14.1263,0.88,Revisionato
2019/11/20 03:37:19.62,-0.1,40.8228,14.1153,1.00,Revisionato
2019/11/20 03:41:16.66,1.3,40.8272,14.1248,0.79,Revisionato
2019/11/20 03:41:46.57,1.4,40.8290,14.1217,0.71,Revisionato
2019/11/20 03:42:27.13,1.0,40.8255,14.1242,0.82,Revisionato
2019/11/20 03:44:8.26,1.7,40.8305,14.1240,1.65,Revisionato
2019/11/20 03:45:28.41,0.1,40.8263,14.1203,0.58,Revisionato
2019/11/20 03:58:16.42,1.1,40.8243,14.1242,0.60,Revisionato
2019/11/20 04:03:12.72,0.2,40.8228,14.1258,0.87,Revisionato
2019/11/20 04:23:44.95,0.4,40.8277,14.1203,0.47,Revisionato
2019/11/20 06:39:17.44,0.9,40.8247,14.1252,0.81,Revisionato
2019/11/20 17:33:57.83,0.2,40.8250,14.1297,1.58,Revisionato
2019/11/20 20:05:27.46,-0.8,40.8245,14.1490,1.43,Revisionato
2019/11/20 22:14:26.68,0.1,40.8215,14.1322,0.96,Revisionato
2019/11/21 02:43:51.65,0.9,40.8228,14.1270,1.32,Revisionato
2019/11/21 07:28:59.06,0.2,40.8203,14.1372,0.62,Revisionato
2019/11/21 23:53:38.03,0.8,40.8228,14.1240,0.82,Revisionato
2019/11/22 00:57:45.67,0.4,40.8298,14.1203,0.60,Revisionato
2019/11/22 00:58:0.82,0.5,40.8228,14.1240,0.69,Revisionato
2019/11/22 20:31:33.64,0.6,40.8217,14.1268,1.65,Revisionato
2019/11/23 01:56:17.72,0.4,40.8187,14.1410,0.66,Revisionato
2019/11/24 15:53:35.02,0.2,40.8160,14.1462,1.67,Revisionato
2019/11/24 15:53:38.88,0.4,40.8152,14.1380,1.04,Revisionato
2019/11/24 22:02:50.60,0.1,40.8383,14.1237,1.60,Revisionato
2019/11/26 07:26:38.07,0.4,40.8453,14.1302,1.46,Revisionato
2019/11/27 01:03:7.08,0.2,40.8315,14.1417,1.27,Revisionato
2019/11/28 00:20:37.19,0.6,40.8402,14.1660,1.63,Revisionato
2019/11/28 04:52:2.09,0.4,40.8233,14.1345,1.23,Revisionato
2019/11/28 15:31:16.01,0.2,40.8315,14.1432,1.33,Revisionato
2019/11/28 18:18:19.58,0.1,40.8223,14.1352,0.98,Revisionato
2019/11/30 01:40:33.86,1.1,40.8242,14.1530,2.15,Revisionato
2019/11/30 18:17:4.14,0.6,40.8193,14.1273,1.40,Revisionato
2019/11/30 22:46:20.94,0.1,40.8240,14.1415,0.93,Revisionato
2019/11/30 22:46:26.76,-0.5,40.8232,14.1363,0.58,Revisionato
2019/11/30 22:46:31.54,-0.3,40.8248,14.1432,0.63,Revisionato
2019/11/30 22:46:38.61,-0.8,40.8238,14.1402,0.63,Revisionato
2019/11/30 22:46:45.14,-0.1,40.8253,14.1425,0.83,Revisionato
2019/12/01 06:04:3.05,0.4,40.8263,14.1402,0.69,Revisionato
2019/12/02 08:38:42.01,0.2,40.8292,14.1460,0.90,Revisionato
2019/12/02 15:57:57.31,0.9,40.8398,14.1712,1.59,Revisionato
2019/12/03 02:45:40.70,1.0,40.8253,14.1182,0.93,Revisionato
2019/12/03 05:08:50.12,0.8,40.8290,14.1402,0.82,Revisionato
2019/12/03 18:58:16.88,0.4,40.8260,14.1298,1.29,Revisionato
2019/12/04 00:28:14.51,0.5,40.8265,14.1410,1.01,Revisionato
2019/12/04 18:32:21.55,1.4,40.8267,14.1422,0.83,Revisionato
2019/12/04 18:33:9.72,1.0,40.8248,14.1420,0.76,Revisionato
2019/12/04 18:37:3.90,0.1,40.8268,14.1403,0.77,Revisionato
2019/12/04 18:43:52.74,-0.5,40.8292,14.1437,1.03,Revisionato
2019/12/04 19:02:54.72,0.2,40.8257,14.1423,0.78,Revisionato
2019/12/04 19:03:50.96,-0.3,40.8260,14.1422,0.74,Revisionato
2019/12/04 19:35:21.43,0.4,40.8255,14.1518,1.85,Revisionato
2019/12/05 01:13:25.19,1.0,40.8250,14.1322,1.33,Revisionato
2019/12/05 01:24:23.99,0.6,40.8267,14.1347,1.18,Revisionato
2019/12/05 01:24:38.36,1.3,40.8238,14.1335,1.39,Revisionato
2019/12/05 01:26:38.65,1.0,40.8245,14.1330,1.40,Revisionato
2019/12/05 02:03:48.30,0.1,40.8245,14.1358,1.68,Revisionato
2019/12/05 02:36:30.05,0.1,40.8245,14.1380,1.36,Revisionato
2019/12/05 04:12:56.80,0.5,40.8217,14.1357,0.96,Revisionato
2019/12/05 07:45:8.81,-0.1,40.8217,14.1363,1.14,Revisionato
2019/12/05 12:07:32.46,-0.3,40.8268,14.1297,1.68,Revisionato
2019/12/05 23:54:33.11,-0.5,40.8277,14.1440,1.25,Revisionato
2019/12/05 23:57:11.38,0.8,40.8273,14.1445,1.80,Revisionato
2019/12/06 00:04:32.83,1.2,40.8308,14.1428,1.89,Revisionato
2019/12/06 00:17:23.78,3.1,40.8302,14.1493,2.33,Revisionato
2019/12/06 00:20:10.34,1.3,40.8303,14.1432,2.14,Revisionato
2019/12/06 00:23:40.69,0.6,40.8333,14.1428,1.20,Revisionato
2019/12/06 00:50:51.50,1.2,40.8305,14.1417,1.64,Revisionato
2019/12/06 00:51:39.74,0.9,40.8267,14.1517,1.73,Revisionato
2019/12/06 00:57:49.29,0.1,40.8248,14.1435,1.38,Revisionato
2019/12/06 00:58:19.28,-0.5,40.8280,14.1517,1.52,Revisionato
2019/12/06 00:58:59.51,0.1,40.8280,14.1402,1.87,Revisionato
2019/12/06 01:00:21.95,-0.1,40.8267,14.1430,1.54,Revisionato
2019/12/06 01:08:0.90,-0.1,40.8252,14.1422,1.62,Revisionato
2019/12/06 02:18:51.71,-0.1,40.8263,14.1445,0.91,Revisionato
2019/12/06 02:19:22.08,0.2,40.8250,14.1517,1.13,Revisionato
2019/12/06 21:44:53.00,0.9,40.8482,14.1110,2.86,Revisionato
2019/12/08 05:43:38.36,-0.3,40.8237,14.1402,1.14,Revisionato
2019/12/08 09:33:4.29,-0.3,40.8230,14.1433,0.70,Revisionato
2019/12/09 02:13:18.90,0.2,40.8308,14.1163,1.82,Revisionato
2019/12/09 20:46:38.64,0.4,40.8270,14.1460,1.51,Revisionato
2019/12/11 03:28:7.69,0.4,40.8300,14.1402,1.30,Revisionato
2019/12/12 03:49:46.52,-0.1,40.8365,14.1290,1.33,Revisionato
2019/12/16 16:21:42.60,-0.1,40.8323,14.1437,0.43,Revisionato
2019/12/18 03:50:29.44,-0.5,40.8243,14.1443,0.87,Revisionato
2019/12/20 00:20:11.07,-0.3,40.8262,14.1402,0.98,Revisionato
2019/12/24 02:18:22.32,1.3,40.8267,14.1452,1.44,Revisionato
2019/12/25 13:34:34.06,0.2,40.8228,14.1525,0.46,Revisionato
2019/12/27 20:19:4.51,-0.1,40.8272,14.1402,1.27,Revisionato
